date,sources,title,link
"02/10/2026, 02:36 PM, +0000 UTC",CNBC,Michael Saylor downplays Strategy credit risk as bitcoin tumbles: 'We'll refinance the debt',https://www.cnbc.com/2026/02/10/michael-saylor-downplays-strategy-credit-risk-as-bitcoin-tumbles-well-refinance-the-debt.html
"02/10/2026, 02:51 PM, +0000 UTC",Seeking Alpha,MSTR’s Michael Saylor says the company will buy ‘every quarter’ of Bitcoin ‘forever’ (BTC-USD:Cryptocurrency),https://seekingalpha.com/news/4549517-mstr-s-michael-saylor-says-the-company-will-buy-every-quarter-of-bitcoin-forever
"02/10/2026, 03:50 PM, +0000 UTC",MarketWatch,"What if bitcoin prices fall to $8,000? Michael Saylor says Strategy still won’t sell.",https://www.marketwatch.com/story/what-if-bitcoin-prices-fall-to-8-000-michael-saylor-says-strategy-still-wont-sell-975f5362?gaa_at=eafs&gaa_n=AWEtsqcZcyQ_RKs2LlaTz0Z-iKT3pv47LB26c88iSC9AfvxZoZfFnOmxQoOx&gaa_ts=698b7e50&gaa_sig=Lj8rOvgX9pd7KWpSEPKE54pKZVgiyOnhfDPGiHHB81AX1f-5uP0Qk9RjjfXpFm7KmlBrNe-EzTpb8uk2Whh7Tw%3D%3D
"02/09/2026, 09:20 PM, +0000 UTC",Yahoo Finance,"Bitcoin hovers around $70,000: Key levels to watch",https://finance.yahoo.com/video/bitcoin-hovers-around-70-000-212035265.html
"02/09/2026, 05:54 PM, +0000 UTC",Bloomberg,"Bitcoin Settles In Near $70,000 After Wild Roller-Coaster Ride",https://www.bloomberg.com/news/articles/2026-02-09/bitcoin-btc-steadies-above-70-000-after-wild-roller-coaster-ride
"02/10/2026, 06:24 PM, +0000 UTC",MarketWatch,Bitcoin needs to fall another 20% before it’s actually a deal,https://www.marketwatch.com/story/bitcoin-needs-to-fall-another-20-before-its-actually-a-deal-30e1d6ff?gaa_at=eafs&gaa_n=AWEtsqfMezCsa44ZlBzqJejjVe5UZbWACAswmLNx78JDLtB8eZ_DXqX5ZAzu&gaa_ts=698b7e50&gaa_sig=rrBQa0cIawQ1Y7kDuaeLjr5l0NSm7ERhWnsspoqtZAIzl_sIpDaRdCtE7xEWoUez5spV7hqLoWqxLLPQltmM7Q%3D%3D
"02/10/2026, 05:26 PM, +0000 UTC",Bitcoin Magazine,U.S. Treasury: Passing the Clarity Act is Critical for U.S. Bitcoin and Crypto Sovereignty,https://bitcoinmagazine.com/news/passing-clarity-act-critical-for-bitcoin
"02/10/2026, 04:28 AM, +0000 UTC",The Guardian,South Korean crypto exchange races to recover $40bn of bitcoin sent to customers by mistake,https://www.theguardian.com/world/2026/feb/10/bithumb-korean-crypto-exchange-sent-bitcoin-mistake
"02/07/2026, 01:56 PM, +0000 UTC",BBC,S Korean crypto firm accidentally pays out $40bn in bitcoin,https://www.bbc.com/news/articles/cz6y62nzjxxo
"02/09/2026, 10:18 AM, +0000 UTC",Bloomberg,Korea Probes Crypto Exchange Over $40 Billion in ‘Ghost Bitcoin’,https://www.bloomberg.com/news/articles/2026-02-09/bithumb-accidentally-gifts-620-000-bitcoin-btc-to-clients-in-fat-finger-error
"02/10/2026, 03:32 PM, +0000 UTC",Bloomberg,"Ether Resumes Plunge, Tracking Bitcoin Slide on Risk-Off Mood",https://www.bloomberg.com/news/articles/2026-02-10/ether-eth-resumes-plunge-tracking-bitcoin-btc-slide-on-risk-off-mood
"02/09/2026, 05:03 AM, +0000 UTC",cbsnews.com,"Trusted Chicago judge takes Tuskegee Airman's cash, then flips it into bitcoin for herself",https://www.cbsnews.com/chicago/news/retired-judge-patricia-martin-theft-tuskegee-airman-oscar-lawton-wilkerson-bitcoin/
"02/10/2026, 04:21 AM, +0000 UTC",WLOX,"Bitcoin scam investigation underway after Jackson County resident loses $46,000",https://www.wlox.com/2026/02/10/bitcoin-scam-investigation-underway-after-jackson-county-resident-loses-46000/
"02/09/2026, 06:28 PM, +0000 UTC",Fortune,Nancy Guthrie family faces $6 million Bitcoin ransom demand: How such a payment would take place,https://fortune.com/2026/02/09/nancy-guthries-family-faces-6-million-bitcoin-ransom-demand/
"02/06/2026, 05:22 AM, +0000 UTC",ABC7 Los Angeles,"Nancy Guthrie latest: Derrick Callella of Torrance, California arrested for demanding Bitcoin ransom from family",https://abc7.com/post/nancy-guthrie-latest-derrick-callella-california-arrested-demanding-bitcoin-ransom-family/18549247/
"02/10/2026, 04:22 AM, +0000 UTC",FOX 10 Phoenix,Bitcoin ledger does not show payment for amount demanded,https://www.fox10phoenix.com/video/fmc-pv8e9y28a3uut1rm
"02/09/2026, 04:20 PM, +0000 UTC",Click2Houston,What to do immediately after falling victim to a bitcoin ATM scam,https://www.click2houston.com/news/local/2026/02/09/what-to-do-immediately-after-falling-victim-to-a-bitcoin-atm-scam/
"02/09/2026, 02:18 PM, +0000 UTC",Financial Times,Here comes the great American bitcoin-mining-to-AI pivot,https://www.ft.com/content/8bfdb09a-fbef-47fb-9b2f-ebc8949846e6
"02/10/2026, 04:10 PM, +0000 UTC",Gizmodo,Major Bitcoin Miner Sells $305 Million Worth of Crypto to Fund Pivot to AI,https://gizmodo.com/major-bitcoin-miner-sells-305-million-worth-of-crypto-to-fund-pivot-to-ai-2000720078
"02/09/2026, 09:35 PM, +0000 UTC",Investor's Business Daily,"Two Bitcoin Miners Rise On Morgan Stanley Coverage, AI Potential",https://www.investors.com/news/bitcoin-miners-morgan-stanley-terawulf-cipher-mining-mara-cathie-wood-bullish-coinbase/
"02/10/2026, 11:53 AM, +0000 UTC",Yahoo Finance,Bitcoin Just Dropped 45%: Here's What I'd Do With $500 Right Now,https://finance.yahoo.com/news/bitcoin-just-dropped-45-heres-115300404.html
"02/10/2026, 10:20 AM, +0000 UTC",The Wall Street Journal,A Bitcoin Blunder for the Ages: $40 Billion Accidentally Given Away by Bithumb - WSJ,https://www.wsj.com/finance/currencies/a-bitcoin-blunder-for-the-ages-40-billion-accidentally-given-away-3a207eac?gaa_at=eafs&gaa_n=AWEtsqeYnLoMy_nMmt2MJo1wpFzvzQTYGn-7F3tzbnCKkPfQo4hUpCIUex1U&gaa_ts=698b7e50&gaa_sig=2Cu69QRkwHWs-D5UY99gBF9vu6JF6cSbmynvsOIRE5m7qYVw-BPounobc4UPzflfVN-9bKggBVgQ9AruRXUEVA%3D%3D
"02/10/2026, 09:30 AM, +0000 UTC",The Motley Fool,"After Crashing 22% in 7 Days, Is Bitcoin Still a Buy?",https://www.fool.com/investing/2026/02/10/after-crashing-22-in-7-days-is-bitcoin-still-a-buy/
"02/10/2026, 02:05 PM, +0000 UTC",thestreet.com,Analyst predicts next big crash for Bitcoin as markets rally,https://www.thestreet.com/crypto/markets/analyst-predicts-next-big-crash-for-bitcoin-as-markets-rally
"02/10/2026, 10:55 AM, +0000 UTC",dlnews.com,Regulator vows to sue Bithumb users holding ‘unjust‘ Bitcoin after $40bn blunder,https://www.dlnews.com/articles/markets/regulator-warns-investors-after-bithumbs-40bn-bitcoin-blunder/
"02/10/2026, 01:17 PM, +0000 UTC",Forbes,Tesla Billionaire Elon Musk Issues Serious Dollar Warning—Sparking Wild Bitcoin Speculation After Price Crash,https://www.forbes.com/sites/digital-assets/2026/02/10/tesla-billionaire-elon-musk-issues-serious-dollar-warning-sparking-wild-bitcoin-speculation-after-price-crash/
"02/10/2026, 03:44 AM, +0000 UTC",CoinDesk,"Bitcoin price analysis: BTC faces fresh resistance near $71,000",https://www.coindesk.com/markets/2026/02/10/bitcoin-faces-fresh-resistance-near-usd71-000-as-fear-gauge-hits-2022-lows
"02/10/2026, 07:28 AM, +0000 UTC",12News,What to know about $6 million Bitcoin demand from alleged abductors of 84-year-old Nancy Guthrie,https://www.12news.com/article/news/local/arizona/what-to-know-about-6-million-bitcoin-demand-from-alleged-abductors-of-84-year-old-nancy-guthrie-tucson-arizona/75-3347c747-9040-482f-8f19-dca0f3fc93eb
"02/10/2026, 04:37 PM, +0000 UTC",The Block,"Saylor says bitcoin will ‘double or triple’ S&P returns over coming years, vows Strategy won’t be selling",https://www.theblock.co/post/389253/saylor-bitcoin-double-triple-sp-returns-coming-years-vows-strategy-wont-selling?utm_source=companies.xml&utm_medium=rss
"02/05/2026, 04:00 PM, +0000 UTC",BBC,From Bitcoin to blockchain: Key cryptocurrency terms and what they mean,https://www.bbc.com/news/articles/cy5w2k5k5ylo
"02/10/2026, 09:19 AM, +0000 UTC",Yahoo Finance,"Bitcoin hovers near $70,000 as analyst calls sell-off 'a mere crisis of confidence'",https://finance.yahoo.com/news/bitcoin-hovers-near-70000-as-analyst-calls-sell-off-a-mere-crisis-of-confidence-190028920.html
"02/10/2026, 01:00 AM, +0000 UTC",The Motley Fool,"Is Bitcoin a No-Brainer Buy at Less Than $75,000?",https://www.fool.com/investing/2026/02/09/is-bitcoin-a-no-brainer-buy-at-less-than-75000/
"02/10/2026, 04:12 PM, +0000 UTC",Bitcoin Magazine,Interactive Brokers Adds Nano Bitcoin Futures Via Coinbase Derivatives,https://bitcoinmagazine.com/news/interactive-brokers-nano-bitcoin-futures
"02/10/2026, 03:25 PM, +0000 UTC",dlnews.com,Bitcoin narrative woes: How Trump Fed pick Kevin Warsh will finally give price stability,https://www.dlnews.com/articles/opinion/how-trump-fed-pic-kevin-warsh-will-keep-bitcoin-price-stable/
"02/10/2026, 04:39 PM, +0000 UTC",Yahoo Finance,"Bitcoin falls to $69,000 as crypto market shows 'early stages of bottoming'",https://finance.yahoo.com/news/bitcoin-falls-to-69000-as-crypto-market-shows-early-stages-of-bottoming-163932366.html
"02/10/2026, 03:27 PM, +0000 UTC",Yahoo Finance,Bitcoin dips back below $70K. Has the cryptocurrency stabilized?,https://finance.yahoo.com/video/bitcoin-dips-back-below-70k-152737617.html
"02/10/2026, 02:19 PM, +0000 UTC",Bitcoin Magazine,‘We’re Not Selling’: Strategy’s (MSTR) Michael Saylor Doubles Down on Bitcoin Buys,https://bitcoinmagazine.com/news/strategy-mstr-michael-saylor-bitcoin-buys
"02/10/2026, 04:19 PM, +0000 UTC",The Block,"Interactive Brokers adds nano Bitcoin, Ether futures via Coinbase Derivatives",https://www.theblock.co/post/389256/interactive-brokers-adds-nano-bitcoin-ether-futures-via-coinbase-derivatives?utm_source=news.xml&utm_medium=rss
"02/09/2026, 03:32 PM, +0000 UTC",Yahoo Finance,"Bitcoin Can Crash To $40K In The Next 6 To 8 Months, Strategist Warns",https://finance.yahoo.com/news/bitcoin-crash-40k-next-6-153238518.html
"02/10/2026, 01:28 PM, +0000 UTC",CoinDesk,Bitcoin price analysis: BTC trading like a tech stock with failing growth,https://www.coindesk.com/markets/2026/02/10/bitcoin-a-tech-trade-for-now-not-digital-gold-says-grayscale
"02/10/2026, 12:45 PM, +0000 UTC",The Motley Fool,"Should You Buy Bitcoin While It's Under $100,000?",https://www.fool.com/investing/2026/02/10/should-you-buy-crypto-while-its-under-price/
"02/09/2026, 05:54 PM, +0000 UTC",Yahoo Finance,"Bitcoin Settles In Near $70,000 After Wild Roller-Coaster Ride",https://finance.yahoo.com/news/bitcoin-dips-below-70-000-090217645.html
"02/10/2026, 01:45 PM, +0000 UTC",TradingView,Bitcoin price punishes traders as 24-hour crypto liquidations pass $250M,https://www.tradingview.com/news/cointelegraph:09efeb7f5094b:0-bitcoin-price-punishes-traders-as-24-hour-crypto-liquidations-pass-250m/
"02/10/2026, 12:46 PM, +0000 UTC",Yahoo Finance,Where Next for Bitcoin? The Bull and Bear Case,https://finance.yahoo.com/news/where-next-bitcoin-bull-bear-124628423.html
"02/10/2026, 11:35 AM, +0000 UTC",Yahoo Finance,"Forget Ethereum, Stablecoins, and XRP -- Here Are Bitcoin's 3 Biggest Trillion-Dollar Competitive Risks",https://finance.yahoo.com/news/forget-ethereum-stablecoins-xrp-bitcoins-113500506.html
"02/10/2026, 01:05 PM, +0000 UTC",Yahoo Finance,"Should You Buy Bitcoin While It's Under $100,000?",https://finance.yahoo.com/news/buy-bitcoin-while-under-100-130500172.html
"02/10/2026, 11:33 AM, +0000 UTC",The Motley Fool,Bitcoin Just Dropped 45%: Here's What I'd Do With $500 Right Now,https://www.fool.com/investing/2026/02/10/bitcoin-just-dropped-45-heres-what-id-do-with-500/
"02/05/2026, 11:43 AM, +0000 UTC",CNBC,"Bitcoin drops 15%, briefly breaking below $61,000 as sell-off intensifies, doubts about crypto grow",https://www.cnbc.com/2026/02/05/bitcoin-price-today-70000-in-focus.html
"02/10/2026, 12:52 PM, +0000 UTC",The Motley Fool,Bitcoin's Latest Plunge Has Traders Panicking. Here's Why Long-Term Investors See Opportunity.,https://www.fool.com/investing/2026/02/10/bitcoin-plunge-panic-longterm-investor-opportunity/
"02/10/2026, 02:49 PM, +0000 UTC",foxnews.com,Nancy Guthrie case: Why criminals are turning to cryptocurrency for ransoms,https://www.foxnews.com/politics/nancy-guthrie-case-why-criminals-turning-cryptocurrency-ransoms
"02/09/2026, 11:40 PM, +0000 UTC",Futurism,Bitcoin Finally Finds Practical Use: Kidnapping Senior Citizens for Ransom,https://futurism.com/future-society/bitcoin-guthrie-ransom
"02/10/2026, 01:23 PM, +0000 UTC",Yahoo! Finance Canada,"Bitcoin a tech trade for now, not digital gold, says Grayscale",https://ca.finance.yahoo.com/news/bitcoin-tech-trade-now-not-132331565.html
"02/10/2026, 08:53 AM, +0000 UTC",Barron's,"Bitcoin Dips Below $70,000 for Second Time in 24 Hours. Why Cryptos Can’t Shake Price Volatility.",https://www.barrons.com/articles/bitcoin-price-crypto-xrp-9ee39189?gaa_at=eafs&gaa_n=AWEtsqcOMQEVDi2plUdnPKdHhmpTCVoHcEo-Ngo8QraREPbZjtCWPf943BLM&gaa_ts=698b7e50&gaa_sig=ahmpIEXsPWZjhKzRfFGNhV-lKhPy4uiDpKJmNmyTVC4wXbhJumjM4yja7wMbvsq5UrxMwAwM6A824n-hOpC0ug%3D%3D
"02/05/2026, 09:35 PM, +0000 UTC",ABC News,Bitcoin plunges to lowest level since October 2024,https://abcnews.go.com/Business/bitcoin-plunges-lowest-level-october-2024/story?id=129891298
"02/10/2026, 05:10 PM, +0000 UTC",KCENTV.com,How bitcoin could be used in a ransom case tied to Nancy Guthrie’s disappearance,https://www.kcentv.com/video/news/local/how-bitcoin-could-be-used-in-a-ransom-case-tied-to-nancy-guthries-disappearance/500-c5b5283d-39e3-4fda-9d33-407b4d52c6f3
"02/06/2026, 10:00 AM, +0000 UTC",CNBC,"Bitcoin rebounds back above $70,000 after nearly breaking below $60,000 a day ago",https://www.cnbc.com/2026/02/06/bitcoin-price-today-60000-in-focus.html
"02/08/2026, 03:30 PM, +0000 UTC",Yahoo Finance,Popular hedge fund manager predicts Bitcoin will crash to zero,https://finance.yahoo.com/news/popular-hedge-fund-manager-predicts-153018672.html
"02/07/2026, 10:00 AM, +0000 UTC",NPR,Trump promised a crypto revolution. So why is bitcoin crashing?,https://www.npr.org/2026/02/07/nx-s1-5704279/trump-crypto-bitcoin-winter
"02/10/2026, 05:31 PM, +0000 UTC",Yahoo Finance,"Jim Cramer Says He's 'Heard' Trump Is 'Gonna Fill' The Bitcoin Reserve At $60,000 — What On-Chain Data Tells Us",https://finance.yahoo.com/news/jim-cramer-says-hes-heard-173107337.html
"02/10/2026, 09:15 AM, +0000 UTC",Yahoo Finance,Bitcoin Price Shows First Bottom Signal in 3 Years as Selling Pressure Cools,https://finance.yahoo.com/news/bitcoin-price-shows-first-bottom-091543010.html
"02/10/2026, 02:02 PM, +0000 UTC",Investing.com,Bitcoin Price Chart Live,https://www.investing.com/crypto/bitcoin/chart
"02/10/2026, 05:00 PM, +0000 UTC",dlnews.com,Bitcoin-backed loan issuer Ledn dodges ‘junk’ bond rating from S&P Global,https://www.dlnews.com/articles/web3/ledn-receives-bbb-rating-on-bitcoin-backed-loan-trust-from-sp-global/
"02/10/2026, 03:22 PM, +0000 UTC",Investing.com,Strategy’s Saylor: we’ll refinance and we’ll be buying bitcoin every quarter,https://www.investing.com/news/stock-market-news/strategys-saylor-well-refinance-and-well-be-buying-bitcoin-every-quarter-4497141
"02/06/2026, 11:15 AM, +0000 UTC",BBC,Bitcoin falls to lowest level since Trump took office,https://www.bbc.com/news/articles/cy09x24q0pro
"02/09/2026, 11:30 PM, +0000 UTC",Barron's,These Two Bitcoin Miners Can Hitch a Ride on the AI Express,https://www.barrons.com/articles/bitcoin-miners-ai-data-centers-a2cff347?gaa_at=eafs&gaa_n=AWEtsqc5YPIUjApzqxnzefyilE3azVXe_nJbOnVmm_YPZHUv6jTZpZiSAScH&gaa_ts=698b7e50&gaa_sig=SBLKhYLrjk4hPdGZtsw2CV1kpShKQpFuumaWN-xUxZjSx6UMOuw3R7qj6AGMzayV_QDhKkglVnUEDMPt9EhsVQ%3D%3D
"02/05/2026, 09:19 PM, +0000 UTC",Yahoo Finance,"Bitcoin falls below $64,000 as losses accelerate, hits lowest levels since October 2024",https://finance.yahoo.com/news/bitcoin-falls-below-64000-as-losses-accelerate-hits-lowest-levels-since-october-2024-211019100.html
"02/09/2026, 11:09 AM, +0000 UTC",CoinDesk,Bitcoin mining difficulty drops by most since 2021 as miners capitulate,https://www.coindesk.com/markets/2026/02/09/bitcoin-mining-difficulty-drops-by-most-since-2021-as-miners-capitulate
"02/09/2026, 03:31 PM, +0000 UTC",Yahoo Finance,Bitcoin Price Crash: VanEck Analyst Explains What Triggered the Drop,https://finance.yahoo.com/news/bitcoin-price-crash-vaneck-analyst-153108121.html
"02/10/2026, 01:12 PM, +0000 UTC",Yahoo Finance,Bitcoin's Latest Plunge Has Traders Panicking. Here's Why Long-Term Investors See Opportunity.,https://finance.yahoo.com/news/bitcoins-latest-plunge-traders-panicking-131200241.html
"02/06/2026, 10:29 PM, +0000 UTC",Reuters,"Bitcoin rallies, tops $70,000 as risk assets stabilize",https://www.reuters.com/business/finance/bitcoin-cusp-60000-investors-flee-risky-bets-2026-02-06/
"02/10/2026, 09:06 AM, +0000 UTC",Digital Watch Observatory,Crypto exchange scrambles after $40bn Bitcoin payout error,https://dig.watch/updates/crypto-exchange-40bn-bitcoin-payout-error
"02/05/2026, 06:21 PM, +0000 UTC",Reuters,Bitcoin slump shakes companies that jumped on crypto-hoarding bandwagon,https://www.reuters.com/markets/wealth/bitcoin-slump-shakes-companies-that-jumped-crypto-hoarding-bandwagon-2026-02-05/
"02/10/2026, 09:33 AM, +0000 UTC",CoinDesk,"I'm not confident we hit a true capitulation in bitcoin, derivatives expert says",https://www.coindesk.com/markets/2026/02/10/i-m-not-confident-we-hit-a-true-capitulation-in-bitcoin-derivatives-expert-says
"02/09/2026, 05:48 PM, +0000 UTC",Business Insider,Bitcoin is struggling again after a brief comeback. Here's what's keeping it down.,https://www.businessinsider.com/bitcoin-price-today-bear-market-why-btc-is-down-crypto-2026-2
"02/10/2026, 11:15 AM, +0000 UTC",The Motley Fool,"Forget Ethereum, Stablecoins, and XRP -- Here Are Bitcoin's 3 Biggest Trillion-Dollar Competitive Risks",https://www.fool.com/investing/2026/02/10/forget-ethereum-stablecoins-and-xrp-here-are-bitco/
"02/06/2026, 05:01 PM, +0000 UTC",CNBC,Bitcoin gets slashed in half. What's behind the crypto's existential crisis,https://www.cnbc.com/2026/02/06/bitcoin-gets-slashed-in-half-whats-behind-the-cryptos-existential-crisis.html
"02/10/2026, 11:20 AM, +0000 UTC",FXStreet,Is BTC bottoming or risking a deeper correction?,https://www.fxstreet.com/cryptocurrencies/news/bitcoin-price-forecast-btc-slips-below-69-000-as-crypto-market-shows-cautious-stabilization-202602101120
"02/10/2026, 05:01 AM, +0000 UTC",Yahoo Finance,"Bitcoin, Solana, Ethereum. How to Explain Cryptocurrencies to Clients",https://finance.yahoo.com/news/bitcoin-solana-ethereum-explain-cryptocurrencies-050100292.html
"02/06/2026, 08:00 AM, +0000 UTC",Statista,"Bitcoin price history Feb 5, 2026",https://www.statista.com/statistics/326707/bitcoin-price-index/
"02/10/2026, 11:35 AM, +0000 UTC",Nasdaq,"Forget Ethereum, Stablecoins, and XRP -- Here Are Bitcoin's 3 Biggest Trillion-Dollar Competitive Risks",https://www.nasdaq.com/articles/forget-ethereum-stablecoins-and-xrp-here-are-bitcoins-3-biggest-trillion-dollar
"02/05/2026, 09:33 PM, +0000 UTC",CNBC,"As bitcoin drops below $64,000, is it worth holding onto?",https://www.cnbc.com/2026/02/05/is-bitcoin-worth-holding-amid-sell-off-what-experts-say.html
"02/08/2026, 05:00 AM, +0000 UTC",Financial Times,"Bitcoin is still about $70,000 too high",https://www.ft.com/content/2b030926-2012-4446-b22d-e549e10e7086
"02/10/2026, 06:22 PM, +0000 UTC",thestreet.com,Michael Saylor predicts Bitcoin will beat S&P 500,https://www.thestreet.com/crypto/markets/michael-saylor-predicts-bitcoin-will-beat-s-p-500
"02/10/2026, 03:04 PM, +0000 UTC",Sherwood News,"Abra CEO: This is not bitcoin’s “worst time ever” and advises “when in doubt, zoom out”",https://sherwood.news/crypto/abra-ceo-this-is-not-bitcoins-worst-time-ever-and-advises-when-in-doubt-zoom/
"02/09/2026, 06:11 PM, +0000 UTC",CoinDesk,"Bitcoin price news: BTC climbs above $70,000 as Bernstein makes bull case",https://www.coindesk.com/markets/2026/02/09/bitcoin-shakes-off-early-decline-returns-to-usd70-000-as-bernstein-reiterates-usd150-000-outlook
"02/05/2026, 01:43 PM, +0000 UTC",cnn.com,"No, but seriously: What’s going on with bitcoin?",https://www.cnn.com/2026/02/05/investing/bitcoin-price
"02/06/2026, 12:30 AM, +0000 UTC",The Wall Street Journal,Bitcoin Booster’s $12 Billion Loss Headlines Crypto’s Worst Day Since 2022 Crash - WSJ,https://www.wsj.com/finance/currencies/strategy-earnings-fourth-2025-33688dab?gaa_at=eafs&gaa_n=AWEtsqeyc-gaPB3gzX3-xwfkHf6WgovSkl88YN-o9-j_LXSDKNxE15_ViL4B&gaa_ts=698b7e50&gaa_sig=mmnMwGQ_yLZ-hxYvK6_TQs25bP-bKCf10IB6Ytn5jum0FPWBXQSsxavrt3zpMx6ItT7kdVqauW27xeaBJRUNDw%3D%3D
"02/09/2026, 09:08 PM, +0000 UTC",thestreet.com,'Rich Dad Poor Dad' author makes shocking asset choice,https://www.thestreet.com/crypto/markets/rich-dad-poor-dad-author-makes-shocking-asset-choice
"02/10/2026, 06:15 AM, +0000 UTC",Investing.com,Bitcoin price today: drops to $68.4k in rangebound trade; key US data loom,https://www.investing.com/news/cryptocurrency-news/bitcoin-price-today-slips-below-70k-in-rangebound-trade-key-us-data-loom-4495509
"02/10/2026, 03:38 AM, +0000 UTC",CoinDesk,Bitcoin’s U.S. demand signal flickers back after crash,https://www.coindesk.com/markets/2026/02/10/bitcoin-s-u-s-demand-signal-flickers-back-after-crash
"02/10/2026, 01:33 PM, +0000 UTC",TradingView,Bitcoin's Mayer Multiple hits 2022 levels: Where is BTC price bottom?,https://www.tradingview.com/news/cointelegraph:64647ef5e094b:0-bitcoin-s-mayer-multiple-hits-2022-levels-where-is-btc-price-bottom/
"02/10/2026, 05:13 PM, +0000 UTC",MSN,"Bitcoin is trading like a growth asset, not digital gold: Grayscale",https://www.msn.com/en-us/money/markets/bitcoin-is-trading-like-a-growth-asset-not-digital-gold-grayscale/ar-AA1W4BGP?ocid=finance-verthp-feeds
"02/05/2026, 08:27 PM, +0000 UTC",apnews.com,"Bitcoin price falls below pre-Trump second term levels, now hovering below $67,000",https://apnews.com/article/bitcoin-prices-falling-cryptocurrency-markets-investment-199a22ac65a675eb67bac89177ddf09b
"02/09/2026, 02:03 PM, +0000 UTC",cnn.com,"""There's a misperception that Bitcoin isn't traceable."" What you should know about bitcoin amid the search for Nancy Guthrie",https://www.cnn.com/2026/02/09/us/video/theres-a-misperception-that-bitcoin-isnt-traceable-what-you-should-know-about-bitcoin-amid-the-search-for-nancy-guthrie-cnc
"02/10/2026, 02:20 PM, +0000 UTC",Bitbo,Kaiko Says Bitcoin's $60K Drop May Be Bear Midpoint,https://bitbo.io/news/kaiko-bitcoin-60k-bear/
"02/05/2026, 09:37 PM, +0000 UTC",Reuters,"Bitcoin plummets, driving $2 trillion tumble in crypto market value",https://www.reuters.com/business/bitcoin-slumps-with-key-70000-level-sight-2026-02-05/
"02/10/2026, 12:46 PM, +0000 UTC",Decrypt,Where Next for Bitcoin? The Bull and Bear Case,https://decrypt.co/357585/where-next-for-bitcoin-the-bull-and-bear-case
"02/09/2026, 04:15 PM, +0000 UTC",Seeking Alpha,Bitcoin's Dominant Era Is Over (Cryptocurrency:BTC-USD),https://seekingalpha.com/article/4867725-bitcoins-dominant-era-is-over
"02/10/2026, 06:04 PM, +0000 UTC",Investopedia,Strategy’s Michael Saylor Says ‘We Are Not Going To Be Selling’ as Company Buys More Bitcoin,https://www.investopedia.com/strategy-s-michael-saylor-says-we-are-not-going-to-be-selling-as-company-buys-more-bitcoin-mstr-stock-11903475
"02/09/2026, 04:54 PM, +0000 UTC",CoinDesk,"U.S. government isn't poised to sweep in with bitcoin buys, despite Jim Cramer rumor",https://www.coindesk.com/news-analysis/2026/02/09/u-s-government-isn-t-poised-to-sweep-in-with-bitcoin-buys-despite-jim-cramer-rumor
"02/09/2026, 11:19 PM, +0000 UTC",Fox Business,Strategy buys up Bitcoin stock worth $90 million,https://www.foxbusiness.com/video/6389006056112
"02/05/2026, 04:02 PM, +0000 UTC",Yahoo Finance,"Bitcoin price sinks below $67,000 after Bessent says the US government can't tell banks to bail out crypto",https://finance.yahoo.com/news/bitcoin-price-sinks-below-67000-after-bessent-says-the-us-government-cant-tell-banks-to-bail-out-crypto-022333428.html
"02/10/2026, 11:33 AM, +0000 UTC",Stocktwits,"Bitcoin Isn’t ‘Pumpable’ Right Now And That’s Hurting MSTR’s Stock, Says CryptoQuant CEO",https://stocktwits.com/news-articles/markets/cryptocurrency/bitcoin-is-not-pumpable-right-now-and-that-is-hurting-mstr-stock/cZbUPz5R4Yl
"02/10/2026, 12:25 PM, +0000 UTC",Bitbo,Bill Miller Says Bitcoin May Have Bottomed at $60K,https://bitbo.io/news/bill-miller-btc-bottom/
"02/09/2026, 07:00 PM, +0000 UTC",CNBC,Morgan Stanley says these two stocks will more than double as they pivot from bitcoin to data centers,https://www.cnbc.com/2026/02/09/morgan-stanley-says-these-two-stocks-will-surge-as-they-pivot-to-data-centers.html
"02/09/2026, 11:30 PM, +0000 UTC",Barron's,These Two Bitcoin Miners Can Hitch a Ride on the AI Express,https://www.barrons.com/articles/bitcoin-miners-ai-data-centers-a2cff347?gaa_at=eafs&gaa_n=AWEtsqcUavDv62rFg9kgNhiI2_17roaA9d7UESbm2fMnWj5kbM-Rdffg-jkI&gaa_ts=698ac109&gaa_sig=7D0CWLjoBC1Tc4UgkFFyncHaT06PiLF9lZbkLu0TrZQHuqjCwwrEvUG5b9wsNWhCOVdPxjvQAVjZIALbD1ZgFQ%3D%3D
"02/10/2026, 12:09 AM, +0000 UTC",lamag.com,$6M Bitcoin Ransom Claim Emerges in Nancy Guthrie Case,https://lamag.com/crimeinla/nancy-guthries-latest-bitcoin-ransom-allegation-as-monday-deadline-approaches/
"02/09/2026, 06:02 PM, +0000 UTC",foxnews.com,Nancy Guthrie's alleged Bitcoin ransom could be paid in minutes as Monday deadline approaches: expert,https://www.foxnews.com/us/nancy-guthries-alleged-bitcoin-ransom-could-paid-minutes-monday-deadline-approaches-expert
"02/09/2026, 05:07 PM, +0000 UTC",TMZ,Nancy Guthrie Alleged Ransom Account Remains Empty as Deadline Approaches,https://www.tmz.com/2026/02/09/nancy-guthrie-bitcoin-ransom-not-paid-yet/
"02/09/2026, 09:56 PM, +0000 UTC",NBC News,"U.S. stocks drift higher as gold, silver and bitcoin stabilize",https://www.nbcnews.com/business/markets/us-stocks-drift-higher-gold-silver-bitcoin-stabilize-rcna258263
"02/09/2026, 01:08 PM, +0000 UTC",Yahoo Finance,"Breaking: Michael Saylor’s Strategy Buys 1,142 BTC Amid $5B Unrealized Loss On Bitcoin Holdings",https://finance.yahoo.com/news/breaking-michael-saylor-strategy-buys-130839480.html
"02/09/2026, 01:35 PM, +0000 UTC",Bitcoin Magazine,"Strategy (MSTR) Adds 1,142 Bitcoin for $90 Million as Bitcoin Trades Near $69,000",https://bitcoinmagazine.com/news/strategy-mstr-adds-1142-bitcoin
"02/09/2026, 08:25 PM, +0000 UTC",Barchart.com,The Shocking Reason This Analyst Says Michael Saylor and MicroStrategy Stock Will Take Bitcoin Prices to $0,https://www.barchart.com/story/news/113796/the-shocking-reason-this-analyst-says-michael-saylor-and-microstrategy-stock-will-take-bitcoin-prices-to-0
"02/09/2026, 07:59 PM, +0000 UTC",Fast Company,Trump meme coin down 96% as Bitcoin and meme coins slide,https://www.fastcompany.com/91489687/trump-meme-coin-down-bitcoin-slides
"01/25/2026, 08:00 AM, +0000 UTC",Forbes,The Fed Is Suddenly Hurtling Toward A $34 Trillion BlackRock Gold And Bitcoin Price Game-Changer,https://www.forbes.com/sites/digital-assets/2026/01/25/bitcoin-will-take-the-place-of-gold-fed-suddenly-braced-for-a-34-trillion-blackrock-price-surprise/
"02/09/2026, 11:02 AM, +0000 UTC",The Block,"'Weakest bitcoin bear case in history': Bernstein reiterates $150,000 price target for 2026",https://www.theblock.co/post/389003/weakest-bitcoin-bear-case-in-history-bernstein-reiterates-150000-price-target
"02/09/2026, 01:19 PM, +0000 UTC",CoinDesk,Strategy news: MSTR purchased $90 million of bitcoin last week,https://www.coindesk.com/markets/2026/02/09/michael-saylor-s-strategy-made-modest-bitcoin-acquisition-during-last-week-s-crypto-crash
"02/09/2026, 12:02 PM, +0000 UTC",Yahoo Finance,Is Bitcoin Bear Market Ending? BTC Sharpe Ratio Reaches Levels ‘Historically Seen In Final Phases’,https://finance.yahoo.com/news/bitcoin-bear-market-ending-btc-120215132.html
"02/09/2026, 07:12 PM, +0000 UTC",Yahoo Finance,Jeffrey Epstein’s Crypto Cash Grab: How a Predator Funded Bitcoin’s Rise,https://finance.yahoo.com/news/jeffrey-epstein-crypto-cash-grab-191221266.html
"02/10/2026, 03:11 AM, +0000 UTC",Yahoo Finance,Should BlackRock’s Bitcoin ETF Volatility Require Action From BlackRock (BLK) Investors?,https://finance.yahoo.com/news/blackrock-bitcoin-etf-volatility-require-031139069.html
"02/09/2026, 05:33 PM, +0000 UTC",ETF Trends,"Bitcoin Is Incredibly Oversold, Say Some Chartists",https://www.etftrends.com/coinshares-content-hub/bitcoin-incredibly-oversold-says-some-chartists/
"02/09/2026, 08:47 PM, +0000 UTC",Yahoo Finance,"Bitcoin Stable at $70,000: Will BTC Pump or Dump From Here?",https://finance.yahoo.com/news/bitcoin-stable-70-000-btc-204745422.html
"02/09/2026, 04:48 PM, +0000 UTC",Bitcoin Magazine,"Bernstein Calls Current Bitcoin Selloff the ‘Weakest Bear Case in History,’ Reaffirms $150K Target for 2026",https://bitcoinmagazine.com/markets/bernstein-calls-bitcoin-selloff-weak
"02/09/2026, 09:58 PM, +0000 UTC",latimes.com,"Stocks drift higher as gold, silver and bitcoin stabilize",https://www.latimes.com/business/story/2026-02-09/stocks-drift-higher-as-gold-silver-bitcoin-stabilize
"02/09/2026, 06:16 PM, +0000 UTC",Yahoo Finance,"Bitcoin Funds Shed $264M Last Week, Alts Reverse Negative Trend",https://finance.yahoo.com/news/bitcoin-funds-shed-264m-last-181657118.html
"02/09/2026, 07:47 PM, +0000 UTC",Grayscale,Market Byte: Bitcoin Trading More Like Growth Than Gold,https://research.grayscale.com/market-commentary/market-byte-bitcoin-trading-more-like-growth-than-gold
"02/09/2026, 02:17 PM, +0000 UTC",The Guardian,Files cast light on Jeffrey Epstein’s ties to cryptocurrency,https://www.theguardian.com/technology/2026/feb/09/jeffrey-epstein-crypto
"02/07/2026, 08:09 PM, +0000 UTC",Yahoo Finance,South Korean Crypto Exchange Accidentally Gave Away $43 Billion in Bitcoin,https://finance.yahoo.com/news/south-korean-crypto-exchange-accidentally-174618936.html
"02/05/2026, 10:20 PM, +0000 UTC",Federal News Network,"Bitcoin Price Falls Below $67,000: Odds for BTC Low This Year",https://federalnewsnetwork.com/prediction-markets/2026/02/bitcoin-price-below-67000-odds-btc-low-this-year/
"02/09/2026, 07:20 PM, +0000 UTC",Bitcoin Magazine,Bitcoin Just Crashed To $60K... Then Bounced Hard – Is The Bottom Finally In?,https://bitcoinmagazine.com/markets/bitcoin-rebounds-from-60k-capitulation-low-eyes-74500-resistance-this-week
"02/09/2026, 09:29 PM, +0000 UTC",Seeking Alpha,What is next for Bitcoin after its recent plunge? (BTC-USD:Cryptocurrency),https://seekingalpha.com/news/4549200-what-is-next-for-bitcoin-after-its-recent-plunge
"02/05/2026, 04:31 PM, +0000 UTC",ABC News,"Bitcoin's monthslong slide continues, hitting fresh 15-month low of $67,000",https://abcnews.go.com/Business/wireStory/bitcoins-monthslong-slide-continues-hitting-fresh-15-month-129886665
"02/07/2026, 10:14 AM, +0000 UTC",CNBC,"South Korean crypto firm accidentally sends $44 billion in bitcoin to
users",https://www.cnbc.com/2026/02/07/south-korean-crypto-firm-accidentally-sends-out-44-billion-in-bitcoin.html
"02/09/2026, 09:15 PM, +0000 UTC",bloomberg.com,Ether Slides in Bitcoin’s Shadow as Investors Pull Out in Droves,https://www.bloomberg.com/news/articles/2026-02-09/ether-slides-in-bitcoin-s-shadow-as-investors-pull-out-in-droves
"02/10/2026, 01:11 AM, +0000 UTC",Yahoo Finance,How Investors May Respond To Strategy (MSTR) Doubling Down On Bitcoin Amid Multi-Billion-Dollar Accounting Losses,https://finance.yahoo.com/news/investors-may-respond-strategy-mstr-011111491.html
"02/09/2026, 06:53 PM, +0000 UTC",JD Supra,Massachusetts attorney general sues bitcoin ATM operator,https://www.jdsupra.com/legalnews/massachusetts-attorney-general-sues-9684988/
"02/09/2026, 01:02 PM, +0000 UTC",Yahoo Finance,Bitcoin Bleeds as XRP and Solana Attract Crypto Investment Inflows in Shifting Market,https://finance.yahoo.com/news/bitcoin-bleeds-xrp-solana-attract-130215148.html
"02/09/2026, 07:01 PM, +0000 UTC",The Block,"The Daily: Bernstein reaffirms $150K price target citing 'weakest bitcoin bear case in history,' Strategy buys another 1,142 BTC, and more",https://www.theblock.co/post/389095/the-daily-bernstein-reaffirms-150k-price-target-citing-weakest-bitcoin-bear-case-in-history-strategy-buys-another-1142-btc-and-more
"02/07/2026, 11:05 AM, +0000 UTC",Reuters,Bitcoin loses Trump-era gains as crypto market volatility signals uncertainty,https://www.reuters.com/business/bitcoin-loses-trump-era-gains-crypto-market-volatility-signals-uncertainty-2026-02-07/
"02/09/2026, 03:55 PM, +0000 UTC",Bitcoin Magazine,This Bitcoin Miner Just Sold Millions In BTC To Cover Debts,https://bitcoinmagazine.com/news/bitcoin-miner-cango-sells-millions-in-btc
"02/10/2026, 12:07 AM, +0000 UTC",CCN.com,"'Bitcoin Price Could Go to Zero If Satoshi Nakamoto Is Revealed,' Warns Dan Peña — Here’s the Real Risk",https://www.ccn.com/education/crypto/dan-pena-warns-bitcoin-could-go-to-zero-satoshi-nakamoto-identity-revealed/
"02/09/2026, 05:21 PM, +0000 UTC",thedefiant.io,Why Bitcoin Crashed Over 10% in One Week,https://thedefiant.io/news/markets/why-bitcoin-crashed-over-10-in-one-week
"02/09/2026, 07:14 PM, +0000 UTC",bloomberg.com,Bitcoin’s Recovery Rings Hollow as Derivatives Stay Bearish,https://www.bloomberg.com/news/articles/2026-02-09/bitcoin-s-recovery-rings-hollow-as-derivatives-stay-bearish
"02/09/2026, 06:54 PM, +0000 UTC",New York Post,Nancy Guthrie’s $6M bitcoin ransom demand still unpaid with deadline just hours away,https://nypost.com/2026/02/09/us-news/nancy-guthries-6m-bitcoin-ransom-demand-still-unpaid-with-deadline-just-hours-away/
"02/09/2026, 10:10 PM, +0000 UTC",Yahoo,$6M Bitcoin Ransom Wallet For Savannah Guthrie's Mom Reportedly Still Empty As Final Deadline Looms,https://www.yahoo.com/entertainment/celebrity/articles/6m-bitcoin-ransom-wallet-savannah-221040001.html
"02/08/2026, 01:56 PM, +0000 UTC",Bitcoin Magazine,"Bithumb Bitcoin Blunder Sends $44 Billion to Users, Rattles Crypto Markets",https://bitcoinmagazine.com/news/bithumb-bitcoin-blunder-sends-44-billion
"02/10/2026, 12:48 AM, +0000 UTC",scworld.com,Bithumb accidentally distributes billions in Bitcoin due to configuration error,https://www.scworld.com/brief/bithumb-accidentally-distributes-billions-in-bitcoin-due-to-configuration-error
"02/06/2026, 11:50 AM, +0000 UTC",Fortune,Bitcoin whales and ETFs are bailing out of the market; UBS warns: ‘Crypto is not an asset’,https://fortune.com/2026/02/06/bitcoin-price-whales-etf-baling-out-ubs-crypto-is-not-an-asset/
"02/07/2026, 10:31 PM, +0000 UTC",Yahoo Finance,How Low Can Bitcoin Fall This Month? Prediction Markets See BTC Touching A Level Which Michael Burry Says Will Make Miners 'Bankrupt',https://finance.yahoo.com/news/low-bitcoin-fall-month-prediction-223144822.html
"02/08/2026, 09:13 PM, +0000 UTC",Yahoo Finance,"Risks Rise for Bitcoin, Gold, and Silver as Goldman Sachs Warns $80 Billion in Stock Selling",https://finance.yahoo.com/news/risks-rise-bitcoin-gold-silver-211315482.html
"02/08/2026, 10:02 AM, +0000 UTC",Yahoo Finance,Bitcoin Price To $0? Here's Why The Zero Dollar Bitcoin Narrative Is Growing — And What It Says About Crypto,https://finance.yahoo.com/news/bitcoin-price-0-heres-why-100215567.html
"02/08/2026, 05:50 AM, +0000 UTC",Yahoo Finance,3 Reasons Investors Need to Invest in Bitcoin,https://finance.yahoo.com/news/3-reasons-investors-invest-bitcoin-055000753.html
"02/09/2026, 07:43 PM, +0000 UTC",bloomberg.com,Fed’s Waller Says Trump-Induced Crypto Euphoria May Be Fading,https://www.bloomberg.com/news/articles/2026-02-09/fed-s-waller-says-trump-induced-crypto-euphoria-may-be-fading
"02/09/2026, 07:57 PM, +0000 UTC",ETFdb,Crypto Outflows Hit $1.7B Before Bitcoin Broke $70K,https://etfdb.com/coinshares-crypto-etf-hub/coinshares-channel/before-bitcoin-broke-70k-crypto-outflows-hit-1-7b/
"02/09/2026, 02:29 PM, +0000 UTC",MarketWatch,"Bitcoin’s attempt at a rebound runs into gold’s recapture of $5,000",https://www.marketwatch.com/story/bitcoins-attempt-at-a-rebound-runs-into-golds-recapture-of-5-000-d18cd953?gaa_at=eafs&gaa_n=AWEtsqcbT7ldc6tGKBzPwwqDASFvkMJ02iBOVfOgc5i7zq9I263YjwDrGwHT&gaa_ts=698ac109&gaa_sig=ptM8p5JwsFY7OTWIwFO-e_QOd0TsxdFYtNqXmR-2xelskC2Vogw4fdsFeifGJYUf72CXZvfaGTVtwDtRh0ekcw%3D%3D
"02/09/2026, 08:19 PM, +0000 UTC",CoinMarketCap,"Bernstein Sets $150,000 Bitcoin Price Target, Dismisses Structural Concerns",https://coinmarketcap.com/academy/article/bernstein-sets-dollar150000-bitcoin-price-target-dismisses-structural-concerns
"02/10/2026, 12:22 AM, +0000 UTC",Yahoo Finance,Strategy Bitcoin Bet Deepens As Governance Concerns Weigh On Valuation Gap,https://finance.yahoo.com/news/strategy-bitcoin-bet-deepens-governance-002219025.html
"02/09/2026, 02:01 PM, +0000 UTC",Axios,Crypto revolt exposes fragility of Trump's coalition,https://www.axios.com/2026/02/09/crypto-bitcoin-trump-backlash
"02/09/2026, 07:31 PM, +0000 UTC",Yahoo Finance,"'I'll Buy 100% Guaranteed,' Says Trader — If Bitcoin Reaches $40,000 Or Major Political Shock Unfolds",https://finance.yahoo.com/news/ill-buy-100-guaranteed-says-193120161.html
"02/09/2026, 02:55 PM, +0000 UTC",Sherwood News,"Bernstein analyst says “bitcoin bear case is the weakest in its history,” maintains $150,000 price target",https://sherwood.news/crypto/bernstein-analyst-says-bitcoin-bear-case-is-the-weakest-in-its-history/
"02/06/2026, 12:30 AM, +0000 UTC",The Wall Street Journal,Bitcoin Booster’s $12 Billion Loss Headlines Crypto’s Worst Day Since 2022 Crash,https://www.wsj.com/finance/currencies/strategy-earnings-fourth-2025-33688dab?gaa_at=eafs&gaa_n=AWEtsqfwolT7B6_i67dFr8DChIbeUs9kyo3fGdtWQ9kcraWktqmHr5uFrYW1&gaa_ts=698ac109&gaa_sig=S1EI5frQWniK1f-4NKE8BUldOgYujfMwK1U_7iBiye4yi_NOk32vFF1nvMiRMP4xgRfH5-wHVqAwBJy779z9jw%3D%3D
"02/06/2026, 04:33 PM, +0000 UTC",Yahoo Finance UK,"Bitcoin price plunges below $70,000 in worst week since 2022 as 'Trump rally' fades",https://uk.finance.yahoo.com/news/bitcoin-price-crypto-selloff-blackrock-etfs-100950693.html
"02/09/2026, 08:53 PM, +0000 UTC",Seeking Alpha,QQQ: Bitcoin Says To Expect Volatility (NASDAQ:QQQ),https://seekingalpha.com/article/4867829-qqq-bitcoin-says-to-expect-volatility
"02/04/2026, 07:27 PM, +0000 UTC",CNBC,"Bitcoin bleeds for second straight day, nearly grazes $72,000",https://www.cnbc.com/2026/02/04/bitcoin-bleeds-for-second-straight-day-nearly-grazes-72000.html
"02/09/2026, 07:02 PM, +0000 UTC",thestreet.com,Jim Cramer makes shocking claim about U.S. strategic reserve,https://www.thestreet.com/crypto/markets/jim-cramer-drops-surprising-claim-about-presidents-strategic-bitcoin-reserve
"02/09/2026, 12:46 PM, +0000 UTC",Click2Houston,"Houston Bitcoin ATM fraud cost consumers millions, how to protect yourself",https://www.click2houston.com/news/local/2026/02/09/houston-bitcoin-atm-fraud-cost-consumers-millions-how-to-protect-yourself/
"02/09/2026, 04:30 PM, +0000 UTC",Investing.com,"Bitcoin inches up, holds steady above $70k, as Japan election lifts risk sentiment",https://www.investing.com/news/cryptocurrency-news/bitcoin-price-today-steadies-above-70k-japan-election-lifts-sentiment-4492641
"02/07/2026, 09:06 PM, +0000 UTC",CoinDesk,"Bitcoin price analysis: BTC is seeing accumulation across all cohorts, according to Glassnode",https://www.coindesk.com/markets/2026/02/06/broad-based-bitcoin-accumulation-emerges-after-sharp-capitulation
"02/09/2026, 05:11 PM, +0000 UTC",Yahoo Finance,Investigators Circle as Bithumb Reveals Compensation Plan for $43 Billion Bitcoin Error,https://finance.yahoo.com/news/investigators-circle-bithumb-reveals-compensation-171118004.html
"02/09/2026, 05:01 PM, +0000 UTC",wral.com,"US stocks drift as gold, silver and bitcoin stabilize",https://www.wral.com/news/ap/9b8ca-us-stocks-drift-as-gold-silver-and-bitcoin-stabilize/
"02/06/2026, 12:17 AM, +0000 UTC",Forbes,The Drop In Bitcoin Is Not The End Of Crypto,https://www.forbes.com/sites/digital-assets/2026/02/05/the-drop-in-bitcoin-is-not-the-end-of-crypto/
"02/05/2026, 05:30 PM, +0000 UTC",Mashable,Bitcoin price plummets further. Is crypto crashing?,https://mashable.com/article/bitcoin-cryptocurrency-crashing-new-lows-feb-5-2026
"02/06/2026, 11:30 AM, +0000 UTC",The Globe and Mail,"Lately: Bitcoin tumbles, the Muskonomy and what the heck is Moltbook?",https://www.theglobeandmail.com/business/article-lately-bitcoin-tumbles-the-muskonomy-and-what-the-heck-is-moltbook/
"02/05/2026, 11:26 PM, +0000 UTC",bloomberg.com,Saylor’s Crypto Project Pounded After $12.4 Billion Loss,https://www.bloomberg.com/news/articles/2026-02-05/michael-saylor-s-crypto-project-pounded-after-12-4-billion-loss
"02/05/2026, 12:02 PM, +0000 UTC",Yahoo Finance,Michael Saylor Under Fire After Claiming Bitcoin Will Surge To $10M Tomorrow If ‘People Agreed With Him',https://finance.yahoo.com/news/michael-saylor-under-fire-claiming-120215693.html
"02/06/2026, 10:24 AM, +0000 UTC",CoinDesk,Strategy to initiate a bitcoin security program addressing quantum uncertainty,https://www.coindesk.com/markets/2026/02/06/strategy-to-initiate-a-bitcoin-security-program-addressing-quantum-uncertainty
"02/06/2026, 06:39 AM, +0000 UTC",USA Today,The Guthrie's ransom demand is in Bitcoins for a reason,https://www.usatoday.com/story/money/personalfinance/2026/02/05/bitcoins-criminals-trace-guthrie/88531802007/
"02/05/2026, 11:15 PM, +0000 UTC",foxnews.com,California man arrested for sending texts to Guthrie family asking for bitcoin during missing mother case,https://www.foxnews.com/us/california-man-arrested-sending-texts-guthrie-family-asking-bitcoin-during-missing-mother-case
"02/06/2026, 12:16 AM, +0000 UTC",latimes.com,"L.A. County 'imposter' demanded the Guthries pay bitcoin ransom for mother's return, authorities allege",https://www.latimes.com/california/story/2026-02-05/guthrie-bitcoin-ransom-imposter-allegations
"02/05/2026, 08:42 PM, +0000 UTC",Futurism,Bitcoin Is Crashing So Hard That Miners Are Unplugging Their Equipment,https://futurism.com/future-society/bitcoin-crashing-miners-unplugging-equipment
"02/05/2026, 09:07 PM, +0000 UTC",Yahoo Finance,"Stock market today: Dow, S&P 500, Nasdaq sell-off builds as tech rout continues, bitcoin plunges",https://finance.yahoo.com/news/live/stock-market-today-dow-sp-500-nasdaq-sell-off-builds-as-tech-rout-continues-bitcoin-plunges-210019775.html
"02/05/2026, 07:03 PM, +0000 UTC",Yahoo Finance,"Stock market today: Dow, S&P 500, Nasdaq sink as sell-off builds while silver, bitcoin plunge",https://finance.yahoo.com/news/live/stock-market-today-dow-sp-500-nasdaq-sink-as-sell-off-builds-while-silver-bitcoin-plunge-143533729.html
"02/06/2026, 06:14 AM, +0000 UTC",The Globe and Mail,Better 52-Week-Low Buy: Bitcoin or the iShares Bitcoin Trust ETF?,https://www.theglobeandmail.com/investing/markets/stocks/NVDA/pressreleases/63490/better-52-week-low-buy-bitcoin-or-the-ishares-bitcoin-trust-etf/
"01/19/2026, 08:00 AM, +0000 UTC",Decrypt,Bitcoin Price Crashes to Zero on Paradex Exchange as Glitch Fuels Mass Liquidations,https://decrypt.co/355022/bitcoin-price-crashes-zero-paradex-exchange-glitch-mass-liquidations
"01/31/2026, 08:10 PM, +0000 UTC",thestreet.com,Cathie Wood sends blunt message after Bitcoin crashes,https://www.thestreet.com/crypto/markets/cathie-wood-sends-blunt-message-after-bitcoin-crashes
"01/26/2026, 08:00 AM, +0000 UTC",Fortune,"Strategy buys more Bitcoin—$264 million of it—even as Bitcoin slumps to $87,000",https://fortune.com/2026/01/26/strategy-buys-more-bitcoin-264-million-of-it-even-as-bitcoin-slumps-to-87000/
"01/22/2026, 08:00 AM, +0000 UTC",ProPublica,"How “Bitcoin Jesus” Avoided Prison, Thanks to One of the “Friends of Trump”",https://www.propublica.org/article/bitcoin-jesus-roger-ver-tax-evasion-friends-of-trump
"02/06/2026, 02:49 AM, +0000 UTC",Al Jazeera,Bitcoin plummets in value again after week of heavy losses,https://www.aljazeera.com/economy/2026/2/6/bitcoin-plummets-in-value-again-after-week-of-heavy-losses
"02/05/2026, 11:11 PM, +0000 UTC",Forbes,Bitcoin Has Fallen Over 50% From Its All-Time High,https://www.forbes.com/sites/digital-assets/2026/02/05/bitcoin-has-fallen-over-50-from-its-all-time-high/
"02/06/2026, 10:07 AM, +0000 UTC",dlnews.com,"Why crypto is getting ‘Trumped’ as Bitcoin price plunges to $60,000, forecasts Bloomberg analyst",https://www.dlnews.com/articles/markets/why-crypto-is-getting-trumped-as-bitcoin-60000/
"02/06/2026, 11:06 AM, +0000 UTC",bloomberg.com,Bitcoin Bounces as Traders Buy Dip After 50% Retreat From Peak,https://www.bloomberg.com/news/articles/2026-02-06/bitcoin-btc-plunges-to-just-above-60-000-as-selloff-deepens
"02/05/2026, 10:41 PM, +0000 UTC",The Guardian,Bitcoin loses half its value in three months amid crypto crunch,https://www.theguardian.com/technology/2026/feb/05/bitcoin-cryptocurrency-slump
"02/06/2026, 11:00 AM, +0000 UTC",Yahoo! Finance Canada,Bitcoin is falling and taking Strategy down with it,https://ca.finance.yahoo.com/news/bitcoin-is-falling-and-taking-strategy-down-with-it-110059690.html
"02/05/2026, 11:14 PM, +0000 UTC",cnn.com,Why bitcoin price is trending,https://www.cnn.com/2026/02/05/business/video/bitcoin-price-trending-vrtc
"02/06/2026, 10:05 AM, +0000 UTC",The Globe and Mail,"Bitcoin rebounds after brushing $60,000 level",https://www.theglobeandmail.com/investing/article-bitcoin-rebounds-after-brushing-60000-level/
"02/05/2026, 03:48 PM, +0000 UTC",Yahoo! Finance Canada,"Bitcoin price plunges, wiping billions off crypto market",https://ca.finance.yahoo.com/news/bitcoin-price-plunges-wiping-billions-154843696.html
"02/06/2026, 12:33 AM, +0000 UTC",Forbes,"Bitcoin Crashes To Around $60,000 As Historic Free Fall Worsens—Price Is Down Over 50% In 4 Months",https://www.forbes.com/sites/antoniopequenoiv/2026/02/05/bitcoin-crashes-to-around-60000-as-historic-free-fall-worsens-price-is-down-over-50-in-4-months/
"02/06/2026, 11:41 AM, +0000 UTC",The Globe and Mail,Coinbase Just Confirmed That This Big Risk to Bitcoin Is Real. Here's What to Do About It,https://www.theglobeandmail.com/investing/markets/markets-news/Motley%20Fool/67503/coinbase-just-confirmed-that-this-big-risk-to-bitcoin-is-real-here-s-what-to-do-about-it/
"02/06/2026, 09:00 AM, +0000 UTC",The Motley Fool,"Down Almost 50% From Its All-Time High, Is Bitcoin Still a Buy?",https://www.fool.com/investing/2026/02/06/down-50-from-its-all-time-high-is-bitcoin-still-a/
"02/05/2026, 09:48 PM, +0000 UTC",Investor's Business Daily,"Bitcoin Falls To 16-Month Low, Stifel Warns Of Drop To $38,000. Clarity Talks Hit Snag.",https://www.investors.com/news/bitcoin-price-15-month-low-70k-clarity-act-holdup-trump-world-liberty-gold-silver/
"02/06/2026, 05:40 AM, +0000 UTC",The Globe and Mail,Congrats on the Bitcoin (Shorting) Profits – There’s More to Come,https://www.theglobeandmail.com/investing/markets/commodities/GCG26/pressreleases/52933/congrats-on-the-bitcoin-shorting-profits-theres-more-to-come/
"02/06/2026, 12:30 AM, +0000 UTC",The Wall Street Journal,Bitcoin Booster’s $12 Billion Loss Headlines Crypto’s Worst Day Since 2022 Crash,https://www.wsj.com/finance/currencies/strategy-earnings-fourth-2025-33688dab
"02/06/2026, 03:17 AM, +0000 UTC",Yahoo! Finance Canada,"Bitcoin surges back above $65,000 after $700 million wipeout in Asia whipsaw",https://ca.finance.yahoo.com/news/bitcoin-surges-back-above-65-031744464.html
"02/06/2026, 05:38 AM, +0000 UTC",CoinDesk,"BlackRock's bitcoin fund hits $10 billion volume record, hinting at peak selling",https://www.coindesk.com/markets/2026/02/06/blackrock-s-bitcoin-etf-hits-usd10-billion-volume-record-hinting-at-capitulation
"02/05/2026, 10:05 PM, +0000 UTC",MarketWatch,Bitcoin’s latest selloff is shattering many of its most enduring myths,https://www.marketwatch.com/story/bitcoins-latest-selloff-is-shattering-many-of-its-most-enduring-myths-385ee6b0
"02/05/2026, 06:00 AM, +0000 UTC",Al Jazeera,"Bitcoin plunge continues, erasing gains since Trump’s election",https://www.aljazeera.com/economy/2026/2/5/bitcoin-plunge-continues-erasing-gains-since-trumps-election
"02/06/2026, 09:20 AM, +0000 UTC",The Wall Street Journal,Bitcoin Price Rises After Biggest Rout Since 2022 Crash,https://www.wsj.com/livecoverage/stock-market-today-dow-sp-500-nasdaq-02-06-2026/card/bitcoin-price-rises-after-biggest-rout-since-2022-crash-JRrlgVZPshhToW0spvVK
"02/06/2026, 04:37 AM, +0000 UTC",The Globe and Mail,Bitcoin falls 9% and Asian shares slip after Wall Street is hit by tech stock losses,https://www.theglobeandmail.com/investing/markets/indices/XECP/pressreleases/62840/bitcoin-falls-9-and-asian-shares-slip-after-wall-street-is-hit-by-tech-stock-losses/
"02/06/2026, 01:40 AM, +0000 UTC",FOREX.com,Bitcoin price action screams liquidity stress,https://www.forex.com/ie/news-and-analysis/bitcoin-price-action-screams-liquidity-stress/
"02/06/2026, 03:29 AM, +0000 UTC",CoinDesk,"Bitcoin's volatility spikes to its highest since FTX's collapse as prices crater to nearly $60,000",https://www.coindesk.com/markets/2026/02/06/bitcoin-s-panic-gauge-spikes-to-its-highest-since-ftx-s-collapse-as-prices-crater-to-nearly-usd60-000
"02/06/2026, 09:18 AM, +0000 UTC",Yahoo Finance UK,"Trending tickers: Amazon, Stellantis, Bitcoin, Rio Tinto",https://uk.finance.yahoo.com/news/amazon-stellantis-bitcoin-rio-tinto-trending-tickers-091829448.html
"02/05/2026, 10:10 PM, +0000 UTC",Yahoo Finance,Strategy posts $12.6 billion Q4 loss as bitcoin slide triggers one of largest quarterly hits in corporate history,https://finance.yahoo.com/news/strategy-posts-12-6-billion-221022549.html
"02/05/2026, 02:22 PM, +0000 UTC",Financial Times,"Bitcoin falls below $65,000 to wipe out ‘Trump rally’",https://www.ft.com/content/f0184274-1ece-4827-add1-e96a870efa53
"02/06/2026, 12:38 AM, +0000 UTC",bloomberg.com,"Bitcoin Drops Below $70,000, Wiping Out Gain Since Trump’s Win",https://www.bloomberg.com/news/articles/2026-02-05/bitcoin-drops-below-70-000-as-forced-deleveraging-accelerates
"02/06/2026, 04:43 AM, +0000 UTC",Yahoo! Finance Canada,Bitcoin miner MARA moves $87 million BTC to various trading desks and exchanges: Arkham,https://ca.finance.yahoo.com/news/bitcoin-miner-mara-moves-87-044330666.html
"02/05/2026, 09:18 PM, +0000 UTC",Reuters,Saylor-led Strategy's quarterly losses widen as bitcoin faces another reckoning,https://www.reuters.com/business/saylor-led-strategys-quarterly-losses-widen-bitcoin-faces-another-reckoning-2026-02-05/
"02/05/2026, 09:34 PM, +0000 UTC",NBC News,Crypto crash accelerates as investors flee risky assets,https://www.nbcnews.com/business/markets/crypto-crash-bitcoin-gold-rcna257556
"02/06/2026, 11:25 AM, +0000 UTC",Investor's Business Daily,Dow Jones Futures Rise As Bitcoin Bounces; Amazon Tumbles On Huge Capital Spending,https://www.investors.com/market-trend/stock-market-today/dow-jones-futures-bitcoin-dives-amazon-earnings-capital-spending/
"02/06/2026, 07:36 AM, +0000 UTC",Proactive financial news,Bitcoin’s turbulent start to 2026 continues as prices slump to 15-month low,https://www.proactiveinvestors.com/companies/news/1086939/bitcoin-s-turbulent-start-to-2026-continues-as-prices-slump-to-15-month-low-1086939.html
"02/05/2026, 09:12 PM, +0000 UTC",Barron's,"Bitcoin Falls Below $70,000 as Crypto Crisis Gets Scary",https://www.barrons.com/articles/bitcoin-price-today-xrp-ether-crypto-b3dad81a
"02/05/2026, 07:07 PM, +0000 UTC",Yahoo Finance,"JPMorgan says bitcoin could reach $266,000 ‘long term’ as it looks more attractive than gold",https://finance.yahoo.com/news/jpmorgan-says-bitcoin-could-reach-190708601.html
"02/05/2026, 07:40 PM, +0000 UTC",CNBC,Bitcoin sells off amid 'crypto winter.' What investors need to know,https://www.cnbc.com/2026/02/05/bitcoin-prices-crypto-crash-selloff-investors.html
"02/06/2026, 04:03 AM, +0000 UTC",Axios,BTC price: Bitcoin sinks under $64K as new investors lose faith,https://www.axios.com/2026/02/05/btc-price-bitcoin-crypto
"02/06/2026, 10:14 AM, +0000 UTC",BBC,Bitcoin price crash to lowest level since Trump take office,https://www.bbc.com/pidgin/articles/cdexenlxrd4o
"02/05/2026, 06:27 PM, +0000 UTC",Yahoo Finance,"Bitcoin Crash Could Deepen to $38K, Say Analysts—Here's Why",https://finance.yahoo.com/news/bitcoin-crash-could-deepen-38k-182748963.html
"02/06/2026, 10:14 AM, +0000 UTC",Investing.com Canada,Bitcoin: Short-Term Upside Builds After Reversal From Weekly Lows,https://ca.investing.com/analysis/bitcoin-shortterm-upside-builds-after-reversal-from-weekly-lows-200621889
"02/05/2026, 04:47 PM, +0000 UTC",Yahoo Finance,‘Big Short’ Michael Burry Warns Bitcoin May Repeat 2022 Collapse Pattern,https://finance.yahoo.com/news/big-short-michael-burry-warns-164717085.html
"02/05/2026, 11:01 PM, +0000 UTC",Investor's Business Daily,Strategy's Saylor Touts 'Crypto President' As Bitcoin Plunges,https://www.investors.com/news/strategy-earnings-q4-bitcoin-price-mstr-plunge-michael-saylor/
"02/06/2026, 03:25 AM, +0000 UTC",cnn.com,"McCabe: Bitcoin is the ""currency of crime""",https://www.cnn.com/2026/02/05/politics/video/the-source-kaitlan-collins-cnn-nancy-guthrie-ransom-bitcoin
"02/06/2026, 12:56 AM, +0000 UTC",Yahoo Finance,"MicroStrategy Faces Catastrophic Risk as Bitcoin Falls to $60,000",https://finance.yahoo.com/news/microstrategy-faces-catastrophic-risk-bitcoin-005631941.html
"02/05/2026, 08:38 PM, +0000 UTC",theverge.com,"The price of Bitcoin drops below $65,000",https://www.theverge.com/tech/874603/bitcoin-price-drop-cryptocurrency
"02/05/2026, 08:03 PM, +0000 UTC",CoinDesk,"BTC price news: Bitcoin spirals toward $60,000, headed for worst drawdown since FTX crash",https://www.coindesk.com/markets/2026/02/05/bitcoin-drops-below-usd65-000-heading-to-worst-one-day-drawdown-since-ftx-blowup
"02/06/2026, 07:41 AM, +0000 UTC",Forbes,'Inevitable' $1M Bitcoin: Why Saylor Doubles Down At $64K,https://www.forbes.com/sites/boazsobrado/2026/02/06/inevitable-1m-bitcoin-why-saylor-doubles-down-at-64k/
"02/06/2026, 10:40 AM, +0000 UTC",The Motley Fool,Which Cryptocurrency Has More Upside Through 2030: Bitcoin vs. Cardano,https://www.fool.com/investing/2026/02/06/which-cryptocurrency-has-more-upside-through-2030/
"02/06/2026, 11:33 AM, +0000 UTC",Barron's,"Bitcoin, XRP, Ether Rebound from Lows. Why the Crypto Crisis Isn’t Over.",https://www.barrons.com/articles/bitcoin-price-xrp-ethereum-ai-tech-selloff-3bcbdb91
"02/06/2026, 10:14 AM, +0000 UTC",bloomberg.com,Bitcoin’s Slump Can Worsen as Icy Winter Sets In,https://www.bloomberg.com/opinion/articles/2026-02-06/bitcoin-slump-can-worsen-as-icy-winter-sets-in
"02/06/2026, 04:45 AM, +0000 UTC",CoinDesk,Bitcoin miner MARA moves $87 million BTC to various trading desks and exchanges,https://www.coindesk.com/markets/2026/02/06/bitcoin-miner-mara-moves-usd87-million-btc-to-various-trading-desks-and-exchanges
"02/06/2026, 01:02 AM, +0000 UTC",MarketWatch,Bitcoin swings wildly after worst day for the pioneering crypto since FTX collapse,https://www.marketwatch.com/story/the-bitcoin-selloff-is-deepening-after-worst-day-for-the-pioneering-crypto-since-ftx-collapse-dae49846
"02/06/2026, 03:07 AM, +0000 UTC",Yahoo Finance,Why IREN (IREN) Is Down 33.5% After Pivoting From Bitcoin Mining To Microsoft-Funded AI Cloud Expansion,https://finance.yahoo.com/news/why-iren-iren-down-33-030725098.html
"02/05/2026, 03:41 PM, +0000 UTC",Yahoo Finance,"Bitcoin Crashes Below $67K, Erasing All Gains Since Trump's Election Win",https://finance.yahoo.com/news/bitcoin-crashes-below-67k-erasing-154158584.html
"02/05/2026, 04:18 PM, +0000 UTC",Yahoo Finance,Bitcoin Crashed JPMorgan Sees Long-Term Upside vs Gold | US Crypto News,https://finance.yahoo.com/news/bitcoin-crashed-jpmorgan-sees-long-161810761.html
"02/06/2026, 09:47 AM, +0000 UTC",The Wall Street Journal,"U.S. Futures Fall, Bitcoin Stays Low as Riskoff Sentiment Continues",https://www.wsj.com/finance/u-s-futures-fall-bitcoin-stays-low-as-riskoff-sentiment-continues-b9a55315
"02/05/2026, 04:01 PM, +0000 UTC",Yahoo Finance,"Jim Cramer Sets Bitcoin 'Line In The Sand,' Urges Michael Saylor To Act Before Strategy's Q4 Earnings",https://finance.yahoo.com/news/jim-cramer-sets-bitcoin-line-160111156.html
"02/06/2026, 11:00 AM, +0000 UTC",Financial Times,Bitcoin investor’s company helped draft law to enable libertarian Caribbean development,https://www.ft.com/content/50c2f8e0-a0a4-4433-805d-46e9e0345d4a
"02/06/2026, 06:05 AM, +0000 UTC",The Block,"Strategy CEO: Bitcoin would need to plunge to $8,000 before balance sheet issues",https://www.theblock.co/post/388774/strategy-ceo-bitcoin-q4-earnings-call
"02/05/2026, 10:53 PM, +0000 UTC",Investing.com,"Crypto rout deepens, bitcoin slides nearly 50% from its record high",https://www.investing.com/news/cryptocurrency-news/bitcoin-price-today-plunges-below-71k-as-global-tech-selloff-hits-risk-assets-4486483
"02/05/2026, 11:42 PM, +0000 UTC",CoinDesk,"Bitcoin ETFs barely flinch as BTC slides 40%, Bloomberg’s Eric Balchunas says",https://www.coindesk.com/markets/2026/02/05/bitcoin-etfs-barely-flinch-as-btc-slides-40-bloomberg-s-eric-balchunas-says
"02/05/2026, 03:17 PM, +0000 UTC",CoinDesk,"BTC price: What next as Bitcoin falls under $68,000 with move to low-$60,000s likely",https://www.coindesk.com/markets/2026/02/05/bitcoin-falls-under-usd69-000-with-retail-traders-betting-on-ever-lower-prices
"02/06/2026, 09:22 AM, +0000 UTC",simplywall.st,Strategy’s Record US$12.4b Loss Deepens Bitcoin Lever And Investor Risks,https://simplywall.st/stocks/us/software/nasdaq-mstr/strategy/news/strategys-record-us124b-loss-deepens-bitcoin-lever-and-inves
"02/06/2026, 02:39 AM, +0000 UTC",CoinDesk,Bitcoin isn’t losing to gold. It is navigating a liquidity squeeze that the yellow metal never had: Asia Morning Briefing,https://www.coindesk.com/markets/2026/02/06/bitcoin-isn-t-losing-to-gold-it-is-navigating-a-liquidity-squeeze-that-the-yellow-metal-never-had-asia-morning-briefing
"02/02/2026, 10:45 PM, +0000 UTC",ABC News,Why has the price of bitcoin plummeted? Experts explain,https://abcnews.go.com/Business/price-bitcoin-plummeted-experts-explain/story?id=129778940
"02/06/2026, 05:20 AM, +0000 UTC",CoinDesk,"CoinDesk: Bitcoin, Ethereum, XRP, Crypto News and Price Data",https://www.coindesk.com/
"02/06/2026, 05:19 AM, +0000 UTC",Investing.com Canada,Strategy Inc (MSTR) Q4 2025 Earnings Call Highlights: Navigating Bitcoin Volatility and Capital ... By GuruFocus,https://ca.investing.com/news/company-news/strategy-inc-mstr-q4-2025-earnings-call-highlights-navigating-bitcoin-volatility-and-capital--4442410
"02/03/2026, 07:09 PM, +0000 UTC",CNBC,"Bitcoin briefly breaks below $73,000 to lowest since November 2024 as heavy selling resumes",https://www.cnbc.com/2026/02/03/bitcoin-price-today.html
"02/05/2026, 08:30 PM, +0000 UTC",Business Insider,Bitcoin is in 'full capitulation mode' as analysts see further losses below $64k,https://www.businessinsider.com/why-bitcoin-is-falling-price-prediction-btc-outlook-technical-analysis-2026-2
"02/05/2026, 12:54 PM, +0000 UTC",CNBC,"Op-Ed: Move over Bitcoin, Kalshi and silver just ate your lunch",https://www.cnbc.com/2026/02/05/bitcoin-crypto-prediction-markets-kalshi-polymarket-silver.html
"02/05/2026, 03:57 PM, +0000 UTC",Yahoo Finance,"After Slump, Bitcoin Now Trails S&P 500, Nasdaq 100, Gold Over Five Years",https://finance.yahoo.com/news/bitcoin-trails-p-500-nasdaq-155750909.html
"02/05/2026, 01:06 PM, +0000 UTC",Yahoo Finance,"‘Big Short’ Investor Michael Burry Flags Bitcoin Chart Pattern Implying Drop to Low $50,000s",https://finance.yahoo.com/news/big-short-investor-michael-burry-130657366.html
"02/06/2026, 12:05 AM, +0000 UTC",Yahoo Finance,Bitcoin treasury Strategy posts $12.4b Q4 loss but Saylor tells investors not to panic,https://finance.yahoo.com/news/bitcoin-treasury-strategy-posts-12-000512977.html
"02/05/2026, 05:28 PM, +0000 UTC",Seeking Alpha,Bitcoin’s 45% Plunge Is A Warning Of A Bigger Liquidity Problem,https://seekingalpha.com/article/4866544-bitcoin-45-percent-plunge-is-a-warning-of-a-bigger-liquidity-problem
"02/06/2026, 03:15 AM, +0000 UTC",galaxy.com,State of the Bitcoin Bear Market with Beimnet Abebe,https://www.galaxy.com/insights/podcasts/galaxy-brains/state-of-the-bitcoin-bear-market-with-beimnet-abebe
"02/02/2026, 03:19 PM, +0000 UTC",CNBC,Strategy slides after bitcoin briefly dips below crypto firm's key breakeven level,https://www.cnbc.com/2026/02/02/strategy-slides-after-bitcoin-briefly-dips-below-crypto-firms-key-breakeven-level-.html
"02/02/2026, 10:48 AM, +0000 UTC",CNBC,Bitcoin is coming off a brutal week. Here's what's happening,https://www.cnbc.com/2026/02/02/bitcoin-btc-price-today-cryptocurrency.html
"02/04/2026, 11:22 AM, +0000 UTC",Forbes,"Serious $50,000 Bitcoin Price Warning Ignites Crypto Crash Fears",https://www.forbes.com/sites/digital-assets/2026/02/04/binance-founder-suddenly-flips-as-bitcoin-price-plummet-sparks-crash-fears/
"02/02/2026, 02:32 AM, +0000 UTC",CoinDesk,'This is absolutely INSANE': Bitcoin’s weekend crash exposes the cracks beneath crypto’s latest boom,https://www.coindesk.com/markets/2026/02/01/this-is-absolutely-insane-bitcoin-s-weekend-crash-exposes-the-cracks-beneath-crypto-s-latest-boom
"02/02/2026, 02:32 AM, +0000 UTC",Investing.com,"Bitcoin price today: slips to $77k, near 10-mth low amid liquidations, Fed caution",https://www.investing.com/news/cryptocurrency-news/bitcoin-price-today-slips-to-77k-near-10mth-low-amid-liquidations-fed-caution-4477764
"02/02/2026, 04:42 AM, +0000 UTC",Yahoo Finance,Bitcoin Derivatives Signal Elevated Stress Following Market Rout,https://finance.yahoo.com/news/bitcoin-derivatives-signal-elevated-stress-044240441.html
"02/02/2026, 05:01 AM, +0000 UTC",Bloomberg,Michael Saylor’s High-Stakes Bitcoin Bet Faces Fresh Strain,https://www.bloomberg.com/news/articles/2026-02-02/michael-saylor-s-high-stakes-bitcoin-bet-faces-fresh-strain
"02/02/2026, 06:11 AM, +0000 UTC",Yahoo Finance,Bitcoin Pullback Exposes MicroStrategy to Around $1 Billion in Paper Losses,https://finance.yahoo.com/news/bitcoin-pullback-exposes-microstrategy-around-061142398.html
"01/31/2026, 10:20 PM, +0000 UTC",Forbes,"Bitcoin Drops Below $78,000 After Trump Taps Kevin Warsh To Lead Federal Reserve",https://www.forbes.com/sites/mikestunson/2026/01/31/bitcoin-is-dropping-fast-heres-why-it-dropped-below-78000/
"01/30/2026, 09:35 PM, +0000 UTC",Yahoo Finance,Bitcoin Stuck in a Rut After Warsh Pick as ETFs Shed Billions,https://finance.yahoo.com/news/bitcoin-stuck-rut-warsh-pick-213531831.html
"01/30/2026, 06:11 PM, +0000 UTC",Barron's,"Bitcoin, XRP, Ethereum Fall on News of Kevin Warsh Fed Appointment.",https://www.barrons.com/articles/bitcoin-xrp-ethereum-crypto-today-954298d9?gaa_at=eafs&gaa_n=AWEtsqeu06PxOcFpvlA8WXPLLlTxcvXBbppeN_m96hR9PwNr5kf1aq3-n2_6&gaa_ts=698052d7&gaa_sig=6sus5ZoDv1KSwbLbAaIXX3lktzpJMCPNJGxo97d4XyOhIEfr6hx1AGpeZ7_MssyHY-443nli7Kh2RTZqqA6XkA%3D%3D
"01/30/2026, 02:38 PM, +0000 UTC",Barron's,The Slide in Gold and Silver Sets Up a Test for Bitcoin,https://www.barrons.com/articles/the-slide-in-gold-and-silver-sets-up-a-test-for-bitcoin-2a9573b3?gaa_at=eafs&gaa_n=AWEtsqc9_nGliocOiodtCQnDvzFIIj-H3vpdnnDF2VIDME_sJSqZPnGrk80-&gaa_ts=698052d7&gaa_sig=1cS1alzFgfyicAXNdEPblw0dQECkkuqgeyYVUuYe_mnf8aKS334ksX5DaO6_8DYvG76l5BrhzJe6t0_wDZk-Cw%3D%3D
"01/30/2026, 08:11 PM, +0000 UTC",The Block,"JPMorgan says bitcoin futures oversold as silver flips overbought, sees $8,500 gold long term",https://www.theblock.co/post/387893/jpmorgan-bitcoin-gold-silver-8500-long-term
"02/01/2026, 11:23 PM, +0000 UTC",MarketWatch,"U.S. stock futures fall after bitcoin’s weekend drop, as gold and silver’s sell-off may be bleeding into other markets",https://www.marketwatch.com/story/u-s-stock-futures-fall-along-with-bitcoin-and-oil-prices-21adfaf3?gaa_at=eafs&gaa_n=AWEtsqdgUuTXzqR95zagvXHnJ0dVfM9S7q1tU12pzPdmz9S03svoL3XrcYjL&gaa_ts=698052d7&gaa_sig=VtvY6xYq7y68TsPpJqrJDu1abuXQLaXyxHoCVZjmkq8pxGqBqPGUfJ1YlZ1ZQ1YNeNHCc11d_7fFCP-GqLcI4Q%3D%3D
"01/30/2026, 05:53 PM, +0000 UTC",Fortune,The crypto industry used to store Bitcoin in Swiss vaults. Now one firm is using vaults to hold gold instead,https://fortune.com/2026/01/30/the-crypto-industry-used-to-store-bitcoin-in-swiss-vaults-now-one-firm-is-using-vaults-to-hold-gold-instead/
"02/01/2026, 01:55 PM, +0000 UTC",Times of India,"If you bought just $1 of Bitcoin when it launched 17 years ago, how rich would you be today?",https://timesofindia.indiatimes.com/business/if-you-bought-just-1-of-bitcoin-when-it-launched-17-years-ago-how-rich-would-you-be-today/articleshow/127841336.cms
"02/01/2026, 05:27 PM, +0000 UTC",The Telegraph,Bitcoin wipeout erases entire Trump-era gains,https://www.telegraph.co.uk/business/2026/02/01/bitcoin-wipeout-erases-entire-trump-era-gains/
"02/02/2026, 03:18 AM, +0000 UTC",Yahoo Finance,"Bitcoin hovers near $77,000 but 'investors not yet positioned to buy the dip'",https://finance.yahoo.com/news/bitcoin-hovers-near-77000-with-broader-downtrend-intact-031855411.html
"02/01/2026, 09:36 PM, +0000 UTC",Barron's,Bitcoin’s Price Sinks Further. What to Know.,https://www.barrons.com/articles/bitcoins-price-sinks-further-what-to-know-7126457b?gaa_at=eafs&gaa_n=AWEtsqcp-yVYGlSBHGFFHER65UQvpr18n7qxzdh_2GIrYg_xLrxR6aSI2Wmo&gaa_ts=698052d7&gaa_sig=WeqAG1HQLF3Tl51OAORZFXlQJEwExRWqS8S0zbVtvTqN9dqbL_13-LHds2so2HA3F-osWxeBJanLjMP0S03oQw%3D%3D
"02/02/2026, 04:20 AM, +0000 UTC",Bloomberg,Bitcoin (BTC) Flirts With Lowest Price Since Trump’s Return to Office,https://www.bloomberg.com/news/articles/2026-02-02/bitcoin-flirts-with-lowest-price-since-trump-s-return-to-office
"02/01/2026, 11:35 PM, +0000 UTC",PYMNTS.com,Bitcoin Falls Below $80K Amid Wait on Crypto Legislation,https://www.pymnts.com/cryptocurrency/2026/bitcoin-falls-below-80k-amid-wait-on-crypto-legislation/
"02/02/2026, 03:26 AM, +0000 UTC",Seeking Alpha,"Bitcoin's Fall, Why Now Is The Time For A Contrarian-Long IBIT Play (NASDAQ:IBIT)",https://seekingalpha.com/article/4864811-bitcoins-fall-why-now-is-the-time-for-a-contrarian-long-ibit-play
"02/01/2026, 02:55 PM, +0000 UTC",Financial Times,Bitcoin price slides to lowest level since 2025 tariff shock,https://www.ft.com/content/faeb72a0-62ce-4d60-968e-5b932ea9c7e4
"01/31/2026, 07:59 PM, +0000 UTC",CNBC,"Bitcoin dips below $79,000 as market digests silver sell-off, Trump's Fed chair pick",https://www.cnbc.com/2026/01/31/bitcoin-dips-below-78000-after-silver-selloff.html
"01/29/2026, 02:30 PM, +0000 UTC",Britannica,"Bitcoin | Definition, Mining, & Facts | Britannica Money",https://www.britannica.com/money/Bitcoin
"01/30/2026, 10:09 AM, +0000 UTC",Morningstar Canada,Bitcoin in 2026: How Investors Should Approach Cryptocurrencies Now,https://global.morningstar.com/en-nd/markets/bitcoin-2026-what-investors-should-think-about-cryptocurrencies-now
"02/02/2026, 04:19 AM, +0000 UTC",CoinDesk,"Bitcoin rebounds above $75,000 after brief slide as thin liquidity keeps traders on edge",https://www.coindesk.com/markets/2026/02/02/bitcoin-rebounds-above-usd75-000-after-brief-slide-as-thin-liquidity-keeps-traders-on-edge
"02/01/2026, 04:32 PM, +0000 UTC",Bloomberg,"Bitcoin’s Break Below $80,000 Signals New Crisis of Confidence",https://www.bloomberg.com/news/articles/2026-02-01/bitcoin-s-break-below-80-000-signals-new-crisis-of-confidence
"02/01/2026, 04:46 PM, +0000 UTC",Yahoo Finance,MicroStrategy Doubles Down on Bitcoin Despite Recent Price Struggles,https://finance.yahoo.com/news/microstrategy-doubles-down-bitcoin-despite-164629984.html
"01/31/2026, 04:20 PM, +0000 UTC",Yahoo Finance,Here Are Bitcoin's 5 Biggest Risks That Investors Can't Ignore,https://finance.yahoo.com/news/bitcoins-5-biggest-risks-investors-162000782.html
"02/01/2026, 07:07 PM, +0000 UTC",CoinDesk,Bitcoin's 'hopium' for bulls may be over and this weekend's slide could be just the beginning,https://www.coindesk.com/markets/2026/02/01/bitcoin-s-hopium-for-bulls-may-be-over-and-this-weekend-s-slide-could-be-just-the-beginning
"02/01/2026, 03:34 PM, +0000 UTC",CoinDesk,"Here's why bitcoin traders are now betting billions on a drop to $75,000 and bailing on price rising higher",https://www.coindesk.com/markets/2026/02/01/bets-on-bitcoin-slide-below-usd75-000-are-now-as-hot-as-those-usd100-000-plays
"02/01/2026, 10:30 AM, +0000 UTC",Yahoo Finance,Bitcoin Price Hits 9-Month Low Amid $2.6 Billion Liquidation: What’s Next?,https://finance.yahoo.com/news/bitcoin-price-hits-9-month-103000832.html
"02/01/2026, 11:46 AM, +0000 UTC",Yahoo Finance,"Analysts divided on Bitcoin bear market calls as prices inch up from $77,000",https://finance.yahoo.com/news/analysts-divided-bitcoin-bear-market-114600996.html
"02/02/2026, 12:10 AM, +0000 UTC",FOREX.com,Bitcoin Slide Deepens as BTC/USD Squeeze Risk Builds,https://www.forex.com/en-us/news-and-analysis/bitcoin-slide-deepens-as-btc-usd-squeeze-risk-builds/
"01/31/2026, 06:02 PM, +0000 UTC",Reuters,"Bitcoin falls below $80,000, continuing decline as liquidity worries mount",https://www.reuters.com/business/bitcoin-falls-below-80000-continuing-decline-2026-01-31/
"02/01/2026, 03:04 PM, +0000 UTC",CoinDesk,Michael Saylor hints at another bitcoin purchase despite market turmoil,https://www.coindesk.com/markets/2026/02/01/michael-saylor-signals-another-bitcoin-buy-as-btc-price-slumps-to-usd78-000
"02/02/2026, 07:00 AM, +0000 UTC",CoinDesk,Bitcoin's price crash exposes painful truth – crypto market still dances to BTC's tune,https://www.coindesk.com/markets/2026/02/02/bitcoin-s-crash-exposes-painful-truth-crypto-market-still-dances-to-btc-s-tune
"01/31/2026, 05:45 PM, +0000 UTC",Yahoo Finance,"Bitcoin Price Drops Below $80,000 as New Buyers Rush to Accumulate",https://finance.yahoo.com/news/bitcoin-price-drops-below-80-174544304.html
"02/02/2026, 05:29 AM, +0000 UTC",Seeking Alpha,"Crypto slide intensifies as bitcoin hits around $75,000 (BTC-USD:Cryptocurrency)",https://seekingalpha.com/news/4545118-crypto-slide-intensifies-as-bitcoin-hits-around-75000
"02/01/2026, 06:38 AM, +0000 UTC",Yahoo Finance,"Bitcoin drops to $78,000 as Strategy-fueled rally runs out of buyers, traders say",https://finance.yahoo.com/news/bitcoin-drops-78-000-microstrategy-063805535.html
"02/01/2026, 11:30 PM, +0000 UTC",CNBC,"Stock futures fall after silver, bitcoin sell off; questions loom over AI trade: Live updates",https://www.cnbc.com/2026/02/01/stock-market-today-live-updates.html
"01/31/2026, 06:12 PM, +0000 UTC",Yahoo Finance,"Bitcoin price plunges below $80,000 as $1.6b liquidation wave intensifies selloff",https://finance.yahoo.com/news/bitcoin-price-plunges-below-80-181216840.html
"02/02/2026, 02:38 AM, +0000 UTC",CoinDesk,"Bitcoin holds below $80,000 as January prediction contracts miss liquidation-driven slide: Asia Morning Briefing",https://www.coindesk.com/markets/2026/02/02/bitcoin-holds-below-usd80-000-as-january-prediction-contracts-miss-liquidation-driven-slide-asia-morning-briefing
"01/31/2026, 11:28 PM, +0000 UTC",Barron's,"Bitcoin Falls Again, Dropping Below $80,000. What to Know.",https://www.barrons.com/articles/bitcoin-price-news-gold-silver-trump-fed-warsh-db35f5ad?gaa_at=eafs&gaa_n=AWEtsqeVJqpLnTR86r6vdshG4DunJ1mp6IXtysYuuzVf5Yvv4hwHwSAS4RiE&gaa_ts=698052d7&gaa_sig=Z4_sNWC9Cd3oYSo2hxFRLWN9Iq7d0Hu3DeNLXpF7P0VHsHdmU9gNGy_NgVlGycMPc14ZRLZ-8GqXkGwGb_AW5w%3D%3D
"01/30/2026, 05:10 AM, +0000 UTC",Reuters,Bitcoin slips as Fed chair speculation hits risky assets,https://www.reuters.com/business/bitcoin-slips-fed-chair-speculation-hits-risky-assets-2026-01-30/
"01/31/2026, 08:51 PM, +0000 UTC",Yahoo Finance,Strategy Inc. (MSTR) Bolsters Bitcoin Holdings after Shares Sale,https://finance.yahoo.com/news/strategy-inc-mstr-bolsters-bitcoin-205113152.html
"01/30/2026, 06:40 PM, +0000 UTC",Fortune,"Bitcoin’s freefall approaches $80,000 as precious metals also tank",https://fortune.com/2026/01/30/bitcoin-price-today-ethereum-gold-silver-platinum-copper/
"01/30/2026, 08:51 PM, +0000 UTC",Yahoo Finance,Bitcoin Price Holds Steady as Gold Falls and Silver Craters,https://finance.yahoo.com/news/bitcoin-price-holds-steady-gold-205100385.html
"01/29/2026, 06:47 PM, +0000 UTC",Yahoo Finance,Bitcoin price dips fast as crypto joins Big Tech in market dive,https://finance.yahoo.com/news/bitcoin-price-dips-fast-crypto-184706268.html
"02/02/2026, 04:46 AM, +0000 UTC",Decrypt,Bitcoin Derivatives Signal Elevated Stress Following Market Rout,https://decrypt.co/356594/bitcoin-derivatives-signal-elevated-stress
"01/31/2026, 02:37 PM, +0000 UTC",Yahoo Finance,Will Bitcoin Price Crash in 2026 as Market Volatility Rises?,https://finance.yahoo.com/news/bitcoin-price-crash-2026-market-143728988.html
"02/01/2026, 09:45 PM, +0000 UTC",Bitcoin.com News,"5 Warning Signs Emerging Across Bitcoin, Gold, and Global Markets",https://news.bitcoin.com/5-warning-signs-emerging-across-bitcoin-gold-and-global-markets/
"01/31/2026, 09:08 PM, +0000 UTC",Yahoo Finance,"Michael Saylor’s bitcoin stack is officially underwater, but here’s why he likely won't reach for the panic button",https://finance.yahoo.com/news/michael-saylor-bitcoin-stack-officially-210853248.html
"02/01/2026, 06:01 PM, +0000 UTC",Binance,Bitcoin Price Forecasts Turn Bearish as BTC Follows Old Bear Market Patterns,https://www.binance.com/el/square/post/35879787060337
"01/31/2026, 09:20 PM, +0000 UTC",Bloomberg,"Bitcoin Plunges Below $80,000 as the Crypto Slide Deepens",https://www.bloomberg.com/news/articles/2026-01-31/bitcoin-plunges-below-80-000-as-the-crypto-slide-accelerates
"01/31/2026, 02:46 PM, +0000 UTC",Yahoo Finance,"Bitcoin plunges near $77,000 as geopolitical risks deepens amid U.S-Iran tension",https://finance.yahoo.com/news/bitcoin-plunges-under-81-000-144646897.html
"02/01/2026, 01:35 PM, +0000 UTC",CryptoSlate,Bitcoin institutions finally admit this is a bear market - so why do 70% say the price is still undervalued?,https://cryptoslate.com/bitcoin-institutions-admit-we-are-in-a-bear-market-but-70-say-the-price-is-still-undervalued/
"01/29/2026, 03:36 PM, +0000 UTC",Yahoo Finance,Why Gold is Rallying and Bitcoin Isn’t,https://finance.yahoo.com/news/why-gold-rallying-bitcoin-isn-153600430.html
"01/30/2026, 03:04 PM, +0000 UTC",Yahoo Finance,Fed Chair nominee Warsh views bitcoin as “good policeman for policy”,https://finance.yahoo.com/news/fed-chair-nominee-warsh-views-150459398.html
"01/30/2026, 09:35 PM, +0000 UTC",Bloomberg,Bitcoin Slumps to Two-Month Low as US Funds Shed Billions,https://www.bloomberg.com/news/articles/2026-01-30/bitcoin-btc-slumps-to-two-month-low-as-us-funds-shed-billions
"01/29/2026, 02:25 AM, +0000 UTC",Yahoo Finance,Bitcoin Hasn't Had a Bad Day Yet in 2026. Is the Leading Crypto Set to Bounce Back in 2026?,https://finance.yahoo.com/news/bitcoin-hasnt-had-bad-day-022500649.html
"01/31/2026, 01:02 PM, +0000 UTC",Yahoo Finance,"Bitcoin Price Falling To $30,000? Influencer Predicts Collapse In Wake of Global Market Crash",https://finance.yahoo.com/news/bitcoin-price-falling-30-000-130215603.html
"02/01/2026, 03:11 PM, +0000 UTC",Yahoo Finance,Strategy Doubles Down On Bitcoin Model As Stretch Dividend Rises Again,https://finance.yahoo.com/news/strategy-doubles-down-bitcoin-model-151146865.html
"02/02/2026, 12:17 AM, +0000 UTC",CCN.com,Epstein Claimed ‘Bitcoin Founder’ Ties as Ripple (XRP) and Stellar (XLM) Faced Pushback — Is Crypto's Future in Danger?,https://www.ccn.com/education/crypto/jeffrey-epstein-satoshi-nakamoto-epstein-files-bitcoin-founders-ripple-xrp-stellar-xlm/
"01/30/2026, 12:28 PM, +0000 UTC",The Motley Fool,"The Bitcoin Sell-Off Is Getting Worse, but That Won't Stop Me From Buying Even More",https://www.fool.com/investing/2026/01/30/the-bitcoin-sell-off-is-getting-worse-but-it-wont/
"01/31/2026, 12:17 PM, +0000 UTC",The Motley Fool,Better Investment to Make in 2026 and Beyond: Bitcoin vs. iShares Bitcoin Trust,https://www.fool.com/investing/2026/01/31/better-investment-2026-beyond-bitcoin-ibit/
"01/29/2026, 09:34 PM, +0000 UTC",Yahoo Finance,Bitcoin Plunge Could Get Much Worse as Death Cross Gains Power,https://finance.yahoo.com/news/bitcoin-plunge-could-much-worse-213438632.html
"02/01/2026, 02:48 PM, +0000 UTC",Yahoo Finance,Bitcoin ETFs See $6 Billion Exit as Institutional Demand Cools,https://finance.yahoo.com/news/bitcoin-etfs-see-6-billion-144855237.html
"02/01/2026, 04:03 PM, +0000 UTC",CoinDesk,"Bitcoin isn’t competing with gold, but rather prediction markets and ultra-short options",https://www.coindesk.com/markets/2026/02/01/how-instant-gratification-is-sucking-the-air-out-of-the-bitcoin-market
"01/30/2026, 10:15 AM, +0000 UTC",The Motley Fool,Better Crypto Buy: Bitcoin vs. Ethereum,https://www.fool.com/investing/2026/01/30/better-crypto-buy-bitcoin-vs-ethereum/
"01/29/2026, 09:51 AM, +0000 UTC",Yahoo Finance UK,Bitcoin price slides as gold rallies on weaker dollar,https://uk.finance.yahoo.com/news/bitcoin-price-gold-dollar-interest-rates-crypto-095142360.html
"02/02/2026, 02:58 AM, +0000 UTC",조선일보,"Bitcoin Drop Hurts Treasury Stocks, Strategy Chief Eyes More Buys",https://www.chosun.com/english/market-money-en/2026/02/02/2MET4M45PVAWLELZRNB4M2II6E/
"01/31/2026, 06:55 PM, +0000 UTC",Seeking Alpha,Bitcoin slips below $80K amid crypto selloff (BTC-USD),https://seekingalpha.com/news/4545076-bitcoin-slips-below-80k-amid-crypto-selloff
"01/28/2026, 12:20 PM, +0000 UTC",Yahoo Finance,Is Bitcoin a Buy Right Now?,https://finance.yahoo.com/news/bitcoin-buy-now-122000688.html
"01/30/2026, 10:35 AM, +0000 UTC",Yahoo Finance,Better Crypto Buy: Bitcoin vs. Ethereum,https://finance.yahoo.com/news/better-crypto-buy-bitcoin-vs-103500722.html
"01/30/2026, 06:26 PM, +0000 UTC",Investopedia,Crypto Investors Are Wondering When Bitcoin Prices Will Fall Into the 'Value Zone',https://www.investopedia.com/crypto-investors-are-wondering-when-bitcoin-prices-will-fall-into-the-value-zone-btc-11896119
"01/29/2026, 06:06 PM, +0000 UTC",Mashable,Bitcoin price plunge: Why are crypto prices dropping this time?,https://mashable.com/article/bitcoin-price-plunge-crypto-falls-jan-29
"01/31/2026, 06:34 PM, +0000 UTC",CoinDesk,"Retail traders are running for the exit amid bitcoin's selloff, while 'mega-whales' are quietly buying the dip",https://www.coindesk.com/markets/2026/01/30/retail-traders-are-running-for-the-exit-amid-bitcoin-s-selloff-while-mega-whales-are-quietly-buying-the-dip
"01/30/2026, 04:43 PM, +0000 UTC",CoinDesk,"Who is Kevin Warsh: Trump's Fed chair nominee's return sparks bitcoin jitters over rates, balance sheet cuts",https://www.coindesk.com/policy/2026/01/30/who-is-kevin-warsh-here-is-what-trump-nominee-for-fed-chair-said-about-bitcoin-and-rates
"02/02/2026, 05:12 AM, +0000 UTC",Stocktwits,"Bitcoin Weekend Flash Crash Sends Price To 2024 Levels, Analysts Call It A ‘Rounding Error’",https://stocktwits.com/news-articles/markets/cryptocurrency/bitcoin-weekend-flash-crash-sends-price-to-2024-levels/cZbgB1eR4jN
"01/30/2026, 11:05 AM, +0000 UTC",Yahoo Finance,"From Bitcoin to Balance Sheets: Analyst Names 3 Crypto Stocks to Buy — MSTR, COIN and HOOD",https://finance.yahoo.com/news/bitcoin-balance-sheets-analyst-names-110555534.html
"01/30/2026, 12:23 PM, +0000 UTC",Yahoo Finance,Kevin Warsh: Markets React as Pro-Bitcoin Economist Tipped for Fed,https://finance.yahoo.com/news/kevin-warsh-markets-react-pro-122358756.html
"02/02/2026, 05:10 AM, +0000 UTC",Bitbo,Bitcoin Sell-Off Pushes BlackRock IBIT Returns Red,https://bitbo.io/news/ibit-returns-turn-negative/
"02/01/2026, 05:24 PM, +0000 UTC",CoinDesk,Binance is stuck in the middle of a $19 billion conspiracy theory—and it's killing bitcoin's momentum,https://www.coindesk.com/markets/2026/02/01/crypto-s-usd19-billion-10-10-nightmare-why-everyone-is-blaming-binance-for-the-bitcoin-crash-that-won-t-end
"01/31/2026, 05:26 PM, +0000 UTC",CoinDesk,"Bitcoin price news: What next as BTC plunges under $78,000",https://www.coindesk.com/markets/2026/01/31/bitcoin-plunges-under-usd80-000-as-u-s-iran-attacks-deepen
"02/02/2026, 05:54 AM, +0000 UTC",MSN,"Crypto slide intensifies as Bitcoin hits around $75,000",https://www.msn.com/en-us/money/markets/crypto-slide-intensifies-as-bitcoin-hits-around-75-000/ar-AA1VsXlC?ocid=finance-verthp-feeds
"02/01/2026, 05:19 PM, +0000 UTC",thedefiant.io,Bitcoin Faces Renewed Scrutiny Over Quantum Computing Threat,https://thedefiant.io/news/blockchains/bitcoin-quantum-computing-threat
"02/02/2026, 06:53 AM, +0000 UTC",Stocktwits,"Bitcoin Could Bounce On MSTR Buying, But Jim Cramer Warns – Don’t Trust It",https://stocktwits.com/news-articles/markets/cryptocurrency/bitcoin-could-bounce-on-mstr-buying-but-jim-cramer-warns-don-t-trust-it/cZbgQVxR4jp
"01/31/2026, 07:34 AM, +0000 UTC",CoinDesk,"U.S. government enters partial shutdown, here's how it impacts bitcoin and ether",https://www.coindesk.com/markets/2026/01/31/bitcoin-ether-fall-as-shutdown-clock-hits-and-markets-brace-for-a-messy-monday
"01/29/2026, 03:43 PM, +0000 UTC",Bitcoin Magazine,"Bitcoin Price Crashes 6% To $84,000 In Sharp Sell-Off",https://bitcoinmagazine.com/markets/bitcoin-price-crashes-5-to-85k
"02/01/2026, 08:35 PM, +0000 UTC",BeInCrypto,Bitcoin’s Sell-Off Reveals Deep Market Divides: Opportunity or Structural Vulnerability?,https://beincrypto.com/bitcoin-selloff-buy-pressure-chain-reaction/
"01/31/2026, 02:49 PM, +0000 UTC",CoinDesk,"Bitcoin price news: What next as BTC plunges under $81,000",https://www.coindesk.com/markets/2026/01/31/bitcoin-plunges-under-usd81-000-amid-reports-of-iran-explosions-and-binance-spat
"02/02/2026, 05:15 AM, +0000 UTC",Bitbo,Saylor Hints at Strategy Bitcoin Buy After Dip,https://bitbo.io/news/saylor-hints-strategy-buy/
"01/29/2026, 08:19 PM, +0000 UTC",Forbes,Why Bitcoin’s Pullback May Be Setting Up A Rotation From Gold,https://www.forbes.com/sites/aliceliu/2026/01/29/why-bitcoins-pullback-may-be-setting-up-a-rotation-from-gold/
"02/02/2026, 05:36 AM, +0000 UTC",HedgeCo.Net,Why Bitcoin’s Crash Is the Defining Financial Story of Today:,https://www.hedgeco.net/news/02/2026/why-bitcoins-crash-is-the-defining-financial-story-of-today.html
"01/30/2026, 02:37 PM, +0000 UTC",Investing.com,"Bitcoin price today: tumbles to $83k as heavy liquidations, Fed uncertainty weigh",https://www.investing.com/news/cryptocurrency-news/bitcoin-price-today-slumps-to-83k-as-heavy-liquidations-fed-uncertainty-weigh-4475157
"01/30/2026, 07:37 AM, +0000 UTC",The Block,Binance pledges $1 billion fund to bitcoin as market tanks to months-low,https://www.theblock.co/post/387786/binance-1-billion-safu-bitcoin
"01/31/2026, 03:34 PM, +0000 UTC",CoinDesk,"Bitcoin (BTC) price: Fear hits a 2026 high as traders panic at $81,000 level",https://www.coindesk.com/markets/2026/01/31/bitcoin-fear-sentiment-hits-a-2026-high-as-price-lingers-under-usd83-000
"02/02/2026, 03:47 AM, +0000 UTC",FXStreet,"Top 3 Price Prediction: Bitcoin, Ethereum, Ripple – BTC, ETH and XRP weakness persists after massive correction",https://www.fxstreet.com/cryptocurrencies/news/top-3-price-prediction-bitcoin-ethereum-ripple-btc-eth-and-xrp-weakness-persists-after-massive-correction-202602020347
"02/01/2026, 10:00 PM, +0000 UTC",TradingView,"Bitcoin Breaks Key Support, Analyst Signals Lower Levels Ahead",https://www.tradingview.com/news/newsbtc:4452fdeea094b:0-bitcoin-breaks-key-support-analyst-signals-lower-levels-ahead/
"01/29/2026, 07:38 PM, +0000 UTC",Yahoo Finance,Japan's Biggest Bitcoin Treasury Firm Just Raised $137 Million to Buy Even More BTC,https://finance.yahoo.com/news/japans-biggest-bitcoin-treasury-firm-193845515.html
"01/31/2026, 05:15 PM, +0000 UTC",CoinDesk,Bitcoin breaks key support level as Glassnode warns of further price breakdown,https://www.coindesk.com/markets/2026/01/31/bitcoin-breakdown-opens-path-to-usd80-000-true-market-mean-glassnode-says
"01/29/2026, 10:02 AM, +0000 UTC",Fast Company,Where is Donald Trump’s strategic Bitcoin reserve?,https://www.fastcompany.com/91482053/where-is-donald-trumps-strategic-bitcoin-reserve
"02/02/2026, 03:42 AM, +0000 UTC",investingLive,"Bitcoin dip puts Strategy marginally underwater, but balance-sheet risks remain limited",https://investinglive.com/Cryptocurrency/bitcoin-dip-puts-strategy-marginally-underwater-but-balance-sheet-risks-remain-limited-20260202/
